census_section,education_primary,education_secondary,education_college
0801901001,240,526,375
0801901002,258,506,386
0801901003,768,1310,628
0801901004,552,1200,880
0801901005,482,960,599
0801901006,320,629,458
0801901007,436,843,417
0801901008,919,1259,487
0801901009,460,841,492
0801901010,572,1003,496
0801901011,670,1324,641
0801901012,360,798,516
0801901013,285,651,342
0801901014,403,808,390
0801901015,414,1038,558
0801901016,410,876,527
0801901017,523,1123,542
0801901018,324,671,379
0801901019,547,1179,771
0801901020,255,921,992
0801901021,240,872,946
0801901022,251,708,698
0801901023,216,753,917
0801901025,97,553,625
0801901026,3778,6881,1575
0801901027,156,620,624
0801901028,175,755,868
0801901029,150,576,611
0801901030,393,1028,839
0801901031,215,604,592
0801901032,261,726,656
0801901033,157,497,343
0801901034,153,397,360
0801901035,188,502,423
0801901036,254,513,292
0801901037,250,627,311
0801901038,221,647,478
0801901039,208,609,402
0801901040,162,447,374
0801901041,192,629,546
0801901042,404,765,421
0801901043,126,521,831
0801901044,141,531,666
0801901045,184,740,934
0801901046,191,734,808
0801901047,268,656,698
0801901048,370,827,664
0801901049,186,607,530
0801901050,172,613,683
0801901051,247,701,647
0801901052,193,791,1162
0801901053,346,707,664
0801901054,198,449,537
0801901055,155,470,522
0801902001,176,532,501
0801902002,915,3099,1474
0801902003,131,468,492
0801902004,137,600,585
0801902005,163,782,885
0801902006,133,607,724
0801902007,82,421,596
0801902008,125,741,834
0801902009,148,703,730
0801902010,107,504,471
0801902011,113,527,419
0801902012,184,736,522
0801902013,115,475,463
0801902014,128,523,592
0801902015,163,676,597
0801902016,151,677,833
0801902017,158,753,825
0801902018,160,706,799
0801902019,189,790,759
0801902020,131,593,733
0801902021,177,627,569
0801902022,166,566,471
0801902023,123,433,391
0801902024,110,482,474
0801902025,135,488,419
0801902026,192,857,835
0801902027,215,897,795
0801902028,189,911,798
0801902029,125,510,471
0801902030,180,589,479
0801902031,105,435,387
0801902032,160,492,459
0801902033,115,500,443
0801902034,142,498,474
0801902035,134,583,487
0801902036,102,475,515
0801902037,104,504,450
0801902038,124,637,651
0801902039,156,798,752
0801902040,183,720,711
0801902041,185,693,664
0801902042,162,738,640
0801902043,122,569,638
0801902044,141,558,468
0801902045,121,499,423
0801902046,182,796,781
0801902047,212,812,747
0801902048,147,521,512
0801902049,251,810,840
0801902050,175,670,688
0801902051,226,777,755
0801902052,167,681,810
0801902053,138,701,881
0801902054,144,696,897
0801902055,161,639,852
0801902056,106,483,772
0801902057,59,394,636
0801902058,80,504,682
0801902059,118,603,825
0801902060,100,593,795
0801902061,108,497,641
0801902062,86,480,837
0801902063,89,387,622
0801902064,68,380,690
0801902065,126,560,910
0801902066,148,714,724
0801902067,127,598,804
0801902068,109,614,768
0801902069,100,456,697
0801902070,89,415,641
0801902071,83,521,850
0801902072,64,390,651
0801902073,98,528,891
0801902074,76,389,675
0801902075,70,388,648
0801902076,81,493,901
0801902077,115,548,972
0801902078,94,468,724
0801902079,88,420,824
0801902080,104,443,874
0801902081,99,664,1188
0801902082,47,320,532
0801902083,85,596,1098
0801902084,115,695,1111
0801902085,81,478,769
0801902086,93,453,718
0801902087,91,467,707
0801902088,115,578,850
0801902089,101,613,998
0801902090,119,593,919
0801902091,154,1276,1231
0801902092,136,622,883
0801902093,127,649,773
0801902094,98,508,784
0801902095,107,592,732
0801902096,130,572,623
0801902097,89,425,498
0801902098,104,535,764
0801902099,102,534,752
0801902100,104,535,624
0801902101,240,802,959
0801902102,83,456,678
0801902103,141,604,776
0801902104,93,420,572
0801902105,146,796,1034
0801902106,73,478,725
0801902107,99,569,780
0801902108,75,553,804
0801902109,106,758,1067
0801902110,123,669,875
0801902111,158,668,866
0801902112,83,478,611
0801902113,136,729,1074
0801902114,150,629,730
0801902115,133,547,575
0801902116,56,331,457
0801902117,89,435,525
0801902118,99,493,683
0801902119,100,428,590
0801902120,107,448,485
0801902121,107,489,524
0801902122,85,366,469
0801902123,105,430,507
0801902124,78,441,487
0801902125,140,624,730
0801902126,90,573,639
0801902127,106,490,553
0801902128,141,541,500
0801902129,163,624,631
0801902130,58,344,576
0801902131,121,424,470
0801902132,109,393,419
0801902133,91,325,352
0801902134,133,606,584
0801902135,204,815,876
0801902136,62,369,369
0801902137,113,613,652
0801902138,140,774,816
0801902139,135,638,771
0801902140,161,714,827
0801902141,122,482,487
0801902142,202,822,768
0801902143,159,547,694
0801902144,101,525,761
0801902145,125,482,521
0801902146,115,533,465
0801902147,196,860,834
0801902148,113,605,691
0801902149,164,741,748
0801902150,176,617,628
0801902151,121,627,591
0801902152,113,517,519
0801902153,174,555,530
0801902154,122,442,396
0801902155,227,794,645
0801902156,157,542,484
0801902157,138,523,444
0801902158,186,653,671
0801902159,148,748,814
0801902160,181,764,840
0801902161,105,454,481
0801902162,192,598,489
0801902163,226,693,752
0801902164,110,614,702
0801902165,185,673,660
0801902166,246,799,849
0801902167,268,905,760
0801902168,282,834,894
0801902169,203,583,597
0801902170,235,614,541
0801902171,220,688,537
0801902172,167,586,568
0801902173,177,650,540
0801903001,299,730,499
0801903002,305,879,507
0801903003,305,692,473
0801903004,212,643,519
0801903005,184,534,381
0801903006,193,615,422
0801903007,315,733,416
0801903008,206,495,323
0801903009,167,548,369
0801903010,306,894,520
0801903011,300,750,529
0801903012,335,934,618
0801903013,277,715,582
0801903014,292,759,515
0801903015,439,1234,908
0801903016,202,527,377
0801903017,268,665,515
0801903018,298,764,427
0801903019,249,637,398
0801903020,265,514,338
0801903021,218,491,236
0801903022,273,600,419
0801903023,326,725,495
0801903024,344,789,650
0801903025,452,791,388
0801903026,296,465,144
0801903027,314,920,326
0801903028,374,1096,764
0801903029,314,636,190
0801903030,322,819,283
0801903031,586,1172,311
0801903032,454,781,237
0801903033,427,683,166
0801903034,356,768,223
0801903035,558,1125,376
0801903036,332,1175,610
0801903037,166,569,178
0801903038,335,419,66
0801903039,666,1140,299
0801903040,484,782,481
0801903041,245,614,420
0801903042,182,616,456
0801903043,281,720,481
0801903044,246,830,573
0801903045,135,443,404
0801903046,174,601,556
0801903047,248,786,570
0801903048,170,559,508
0801903049,259,689,536
0801903050,196,673,612
0801903051,319,758,541
0801903052,235,553,423
0801903053,315,904,722
0801903054,229,741,533
0801903055,227,724,485
0801903056,133,425,289
0801903057,308,670,376
0801903058,231,709,603
0801903059,211,545,347
0801903060,262,642,335
0801903061,179,505,362
0801903062,241,720,486
0801903063,281,733,623
0801903064,205,714,634
0801903065,230,673,301
0801903066,383,1174,528
0801903067,266,799,447
0801903068,229,569,250
0801903069,190,584,306
0801903070,266,637,271
0801903071,247,585,384
0801903072,251,598,360
0801903073,259,729,455
0801903074,305,812,495
0801903075,340,768,450
0801903076,209,467,257
0801903077,222,656,365
0801903078,288,832,472
0801903079,297,833,471
0801903080,284,730,404
0801903081,287,887,626
0801903082,265,761,639
0801903083,193,614,420
0801903084,200,661,420
0801903085,162,559,443
0801903086,154,551,442
0801903087,183,600,516
0801903088,176,583,464
0801903089,131,507,455
0801903090,86,438,398
0801903091,155,671,496
0801903092,159,501,415
0801903093,205,660,456
0801903094,174,516,390
0801903095,220,694,532
0801903096,198,687,515
0801903097,229,759,482
0801903098,206,651,441
0801903099,147,387,383
0801903100,188,523,410
0801903101,1601,3864,1216
0801903102,203,593,416
0801903103,222,460,306
0801903104,185,637,486
0801903105,163,531,396
0801903106,170,521,460
0801903107,182,780,624
0801903108,188,692,531
0801903109,194,621,545
0801903110,186,581,556
0801903111,145,491,484
0801903112,186,744,751
0801903113,130,556,673
0801903114,125,572,629
0801903211,297,795,264
0801903212,564,1162,442
0801903213,559,1123,355
0801904001,128,484,494
0801904002,148,729,820
0801904003,96,429,428
0801904004,93,427,392
0801904005,142,519,433
0801904006,131,452,431
0801904007,175,453,322
0801904008,125,414,367
0801904009,146,577,564
0801904010,68,377,346
0801904011,75,599,816
0801904012,112,522,527
0801904013,85,502,508
0801904014,135,285,282
0801904015,151,724,799
0801904016,89,413,477
0801904017,97,409,501
0801904018,89,555,712
0801904019,56,539,649
0801904020,83,501,667
0801904021,56,439,661
0801904022,125,634,751
0801904023,48,343,507
0801904024,47,322,501
0801904025,78,453,491
0801904026,106,479,485
0801904027,106,469,598
0801904028,87,467,589
0801904029,62,402,506
0801904030,148,621,755
0801904031,353,1099,665
0801904032,173,654,582
0801904033,109,511,385
0801904034,91,525,645
0801904035,103,496,595
0801904036,189,704,651
0801904037,227,947,781
0801904038,147,532,437
0801904039,124,470,424
0801904040,208,677,513
0801904041,192,566,466
0801904042,318,743,539
0801904043,172,570,714
0801904044,187,721,514
0801904045,183,556,468
0801904046,183,859,1075
0801904047,241,741,675
0801904048,105,581,651
0801904049,38,381,653
0801904050,74,662,1002
0801904051,85,557,772
0801904052,75,729,1076
0801904053,100,596,791
0801904054,48,332,542
0801904055,98,475,736
0801904056,118,722,834
0801904084,91,488,649
0801905001,209,771,574
0801905002,112,587,677
0801905003,88,475,565
0801905004,115,340,432
0801905005,123,463,478
0801905006,132,590,808
0801905007,193,769,809
0801905008,103,520,760
0801905009,90,569,737
0801905010,72,500,676
0801905011,60,449,682
0801905012,81,497,602
0801905013,109,519,803
0801905014,56,427,827
0801905015,80,502,685
0801905016,70,596,790
0801905017,44,441,791
0801905018,66,411,588
0801905019,60,450,823
0801905020,56,364,594
0801905021,55,399,643
0801905022,85,488,837
0801905023,76,508,661
0801905024,81,662,883
0801905025,42,406,605
0801905026,59,446,650
0801905027,55,425,661
0801905028,118,564,716
0801905029,52,527,774
0801905030,44,418,663
0801905031,64,544,730
0801905032,139,616,820
0801905033,70,449,632
0801905034,50,407,592
0801905035,43,362,529
0801905036,68,561,859
0801905037,63,529,658
0801905038,79,511,651
0801905039,65,511,717
0801905040,63,514,676
0801905041,208,977,871
0801905042,50,427,637
0801905043,59,510,712
0801905044,65,453,588
0801905045,69,518,749
0801905046,47,387,569
0801905047,52,391,579
0801905048,42,387,614
0801905049,70,557,807
0801905050,75,585,788
0801905051,79,565,793
0801905052,67,459,658
0801905053,67,537,671
0801905054,50,367,444
0801905055,62,502,629
0801905056,53,407,556
0801905057,60,527,838
0801905058,70,554,700
0801905059,71,533,761
0801905060,56,365,565
0801905061,81,555,682
0801905062,86,521,788
0801905063,55,488,798
0801905064,84,513,876
0801905065,89,560,829
0801905066,51,430,678
0801905067,65,419,723
0801905068,68,488,843
0801905069,80,554,851
0801905070,59,487,693
0801905071,83,584,935
0801905072,74,554,856
0801905073,81,557,765
0801905074,67,501,825
0801905075,93,592,944
0801905076,79,483,695
0801905077,60,518,782
0801905078,89,713,972
0801905079,51,416,665
0801905080,66,457,658
0801905081,94,504,775
0801905082,93,517,832
0801905083,76,451,574
0801905084,76,474,620
0801905085,70,465,617
0801905086,58,489,627
0801905087,74,580,798
0801905088,83,640,827
0801905089,79,575,935
0801905090,71,665,901
0801905091,87,551,686
0801905092,64,518,819
0801905093,55,359,596
0801905094,105,906,1339
0801905095,91,599,783
0801905096,59,419,527
0801905097,78,530,822
0801905098,79,550,688
0801906001,127,471,509
0801906002,126,611,617
0801906003,227,928,907
0801906004,141,590,526
0801906006,82,343,448
0801906007,142,759,847
0801906008,147,829,857
0801906009,93,513,544
0801906010,126,435,356
0801906011,121,587,455
0801906012,101,421,483
0801906013,172,750,709
0801906014,170,661,456
0801906015,235,666,410
0801906016,249,717,439
0801906017,187,634,458
0801906018,111,539,569
0801906019,148,592,582
0801906020,116,497,477
0801906021,142,475,569
0801906022,237,515,461
0801906023,62,456,597
0801906024,144,630,699
0801906025,119,539,566
0801906026,90,422,462
0801906027,79,462,499
0801906028,119,506,580
0801906029,96,495,655
0801906030,133,486,604
0801906031,96,408,521
0801906032,114,409,529
0801906033,121,500,548
0801906034,106,442,495
0801906035,69,411,504
0801906036,138,556,597
0801906037,83,350,480
0801906038,112,530,721
0801906039,132,552,782
0801906040,121,608,830
0801906041,124,590,869
0801906042,106,598,818
0801906043,82,454,672
0801906044,98,519,833
0801906045,81,384,647
0801906046,94,385,510
0801906047,104,372,637
0801906048,123,533,626
0801906049,112,384,529
0801906050,113,523,558
0801906051,86,414,584
0801906052,126,525,677
0801906053,158,514,715
0801906054,148,550,673
0801906055,162,495,582
0801906056,155,518,806
0801906057,177,506,730
0801906058,144,578,843
0801906059,178,524,662
0801906060,195,663,720
0801906061,130,542,545
0801906062,123,491,482
0801906063,128,517,664
0801906064,140,687,870
0801906065,95,419,498
0801906066,87,380,408
0801906067,148,677,825
0801906068,140,529,754
0801906069,83,418,498
0801906070,164,766,786
0801906071,94,432,457
0801906072,125,619,715
0801906073,164,540,515
0801906074,102,492,432
0801906075,96,478,388
0801906076,95,525,517
0801906077,110,473,459
0801906078,115,490,576
0801906079,90,447,465
0801906080,128,488,428
0801906081,124,505,553
0801906082,464,1677,1048
0801906083,158,673,669
0801906084,115,565,602
0801906085,105,514,567
0801906086,65,369,450
0801906087,130,660,800
0801906088,90,549,499
0801907001,222,669,512
0801907002,181,490,350
0801907003,110,543,553
0801907004,183,675,556
0801907005,141,637,515
0801907006,108,460,274
0801907007,212,623,432
0801907008,181,597,482
0801907009,141,580,451
0801907010,120,545,532
0801907011,112,503,460
0801907012,188,671,527
0801907013,134,583,419
0801907014,162,423,220
0801907015,182,633,393
0801907016,142,617,435
0801907017,184,764,644
0801907018,159,786,583
0801907019,149,718,538
0801907020,189,756,567
0801907021,110,507,338
0801907022,224,499,306
0801907023,182,654,334
0801907024,235,639,454
0801907025,242,671,433
0801907026,182,498,308
0801907027,236,940,592
0801907028,198,663,446
0801907029,151,556,459
0801907030,229,663,393
0801907031,213,729,436
0801907032,180,646,476
0801907033,163,676,500
0801907034,179,751,653
0801907035,146,773,620
0801907036,156,682,457
0801907037,181,719,486
0801907038,143,620,397
0801907039,125,749,591
0801907040,143,682,547
0801907041,121,627,519
0801907042,205,735,499
0801907043,174,654,466
0801907044,184,611,409
0801907045,230,741,459
0801907046,195,633,404
0801907047,198,711,412
0801907048,184,606,384
0801907049,181,579,330
0801907050,153,570,358
0801907051,207,889,535
0801907052,144,512,472
0801907053,177,689,441
0801907054,141,691,613
0801907055,94,495,472
0801907056,160,533,370
0801907057,184,663,454
0801907058,178,648,353
0801907059,305,658,287
0801907060,402,954,356
0801907061,278,578,170
0801907062,247,648,277
0801907063,354,739,176
0801907064,376,878,250
0801907065,396,925,261
0801907066,432,893,240
0801907067,276,855,257
0801907068,287,703,193
0801907069,340,739,241
0801907070,305,730,205
0801907071,328,659,208
0801907072,281,723,275
0801907073,278,590,153
0801907074,360,876,253
0801907075,284,608,162
0801907076,319,727,181
0801907077,298,692,169
0801907078,292,732,250
0801907079,389,771,202
0801907080,356,891,259
0801907081,433,946,350
0801907082,261,654,216
0801907083,296,672,266
0801907084,261,685,272
0801907085,240,691,246
0801907086,306,783,276
0801907087,291,848,358
0801907088,330,826,400
0801907089,197,661,447
0801907090,313,712,277
0801907091,239,670,275
0801907092,310,803,247
0801907093,304,928,359
0801907094,164,588,376
0801907095,181,746,485
0801907096,224,747,363
0801907097,211,348,241
0801907098,222,836,793
0801907099,131,524,288
0801907100,216,562,292
0801907101,296,683,371
0801907102,109,327,246
0801907103,272,733,438
0801907104,319,766,300
0801907105,170,474,281
0801907106,211,531,291
0801907107,180,517,341
0801907108,184,573,334
0801907109,343,768,374
0801907110,185,465,261
0801907111,127,430,252
0801907112,246,621,340
0801907113,201,622,255
0801907114,155,580,350
0801907115,123,476,348
0801907116,221,700,394
0801907117,850,2902,811
0801907118,221,605,305
0801907119,222,662,314
0801907120,265,557,279
0801907121,243,604,243
0801907122,207,655,315
0801907123,241,646,342
0801908001,291,592,239
0801908002,209,604,335
0801908003,249,593,271
0801908004,281,705,293
0801908005,227,554,265
0801908006,229,800,459
0801908007,231,544,266
0801908008,229,791,399
0801908009,234,861,475
0801908010,153,560,311
0801908011,159,559,325
0801908012,169,626,326
0801908013,189,593,275
0801908014,195,683,280
0801908015,279,749,296
0801908016,209,549,281
0801908017,228,656,328
0801908018,265,733,346
0801908019,336,883,423
0801908020,218,714,331
0801908021,283,686,321
0801908022,233,620,243
0801908023,247,726,277
0801908024,241,680,326
0801908025,237,638,256
0801908026,244,658,324
0801908027,296,632,318
0801908028,263,503,177
0801908029,374,751,212
0801908030,325,698,243
0801908031,246,668,222
0801908032,297,601,234
0801908033,310,767,241
0801908034,271,662,189
0801908035,1596,4151,867
0801908036,355,837,232
0801908037,335,826,280
0801908038,289,823,311
0801908039,342,793,244
0801908040,388,974,299
0801908041,500,1298,341
0801908042,294,564,265
0801908043,252,555,184
0801908044,265,731,219
0801908045,371,945,262
0801908046,287,806,291
0801908047,339,863,241
0801908048,319,467,56
0801908049,326,564,149
0801908050,230,650,330
0801908051,205,691,252
0801908052,160,456,167
0801908053,249,517,234
0801908054,377,770,316
0801908055,354,776,421
0801908056,310,831,253
0801908057,280,690,243
0801908058,387,889,233
0801908059,231,531,149
0801908060,303,561,191
0801908061,459,797,190
0801908062,284,596,142
0801908063,251,531,190
0801908064,477,889,194
0801908065,448,844,194
0801908066,478,758,157
0801908067,426,938,268
0801908068,520,938,173
0801908069,429,771,153
0801908070,384,737,144
0801908071,459,899,168
0801908072,316,608,117
0801908073,441,1001,188
0801908074,404,766,173
0801908075,439,1035,254
0801908076,409,786,202
0801908077,415,693,115
0801908078,368,898,205
0801908079,347,740,209
0801908080,377,784,226
0801908081,324,859,227
0801908082,348,871,250
0801908083,284,683,179
0801908084,277,536,178
0801908085,345,817,234
0801908086,393,832,278
0801908087,253,692,178
0801908088,285,682,178
0801908089,296,619,141
0801908090,293,612,189
0801908091,327,608,162
0801908092,281,496,117
0801908093,314,638,193
0801908094,416,728,195
0801908095,198,588,210
0801908096,363,765,210
0801908097,316,743,130
0801908098,311,659,163
0801908099,299,769,197
0801908100,299,692,164
0801908101,430,849,193
0801908102,460,789,181
0801908103,404,889,179
0801908104,336,682,102
0801908105,344,771,142
0801908106,309,668,128
0801908107,551,961,156
0801908108,559,977,229
0801908109,331,410,48
0801908110,558,899,136
0801908111,495,818,113
0801908112,504,819,114
0801908113,583,859,114
0801908114,551,946,137
0801908115,495,829,124
0801908116,428,651,108
0801908215,219,769,316
0801909001,777,1257,201
0801909002,560,1071,206
0801909003,618,1083,188
0801909004,442,809,184
0801909005,304,838,279
0801909006,380,618,93
0801909007,376,628,95
0801909008,112,784,559
0801909009,301,678,242
0801909010,484,910,189
0801909011,469,844,134
0801909013,473,1062,232
0801909014,1013,2678,547
0801909015,425,1030,223
0801909016,238,663,253
0801909017,202,740,405
0801909018,234,688,311
0801909019,362,1208,691
0801909020,172,522,322
0801909021,155,697,372
0801909022,153,541,383
0801909023,143,546,345
0801909024,167,534,342
0801909025,140,556,400
0801909026,214,703,382
0801909027,233,592,332
0801909028,149,677,442
0801909029,235,528,222
0801909030,211,661,365
0801909031,175,516,306
0801909032,346,1054,374
0801909033,551,1560,789
0801909034,259,790,257
0801909035,284,721,377
0801909036,292,655,315
0801909037,447,790,316
0801909038,220,785,465
0801909039,246,771,380
0801909040,228,731,484
0801909041,178,684,368
0801909042,176,569,365
0801909043,209,662,348
0801909044,175,681,457
0801909045,222,655,353
0801909046,176,601,367
0801909047,174,684,536
0801909048,171,693,338
0801909049,196,605,311
0801909050,203,724,440
0801909051,147,581,384
0801909052,177,569,318
0801909053,214,751,474
0801909054,159,499,298
0801909055,265,952,378
0801909056,193,565,289
0801909057,269,812,453
0801909058,166,676,465
0801909059,236,595,417
0801909060,202,641,373
0801909061,214,726,602
0801909062,184,632,513
0801909063,167,482,362
0801909064,176,555,298
0801909065,305,1090,464
0801909066,176,637,415
0801909067,199,762,390
0801909068,223,736,431
0801909069,156,495,233
0801909070,383,858,364
0801909071,342,888,479
0801909072,274,731,335
0801909073,281,724,351
0801909074,224,812,497
0801909075,190,771,422
0801909076,193,692,391
0801909077,219,748,439
0801909078,171,740,409
0801909079,210,806,476
0801909080,206,596,410
0801909081,246,870,490
0801909082,277,930,607
0801909083,226,783,458
0801909084,193,764,566
0801909085,213,807,537
0801909086,194,682,459
0801909087,168,604,381
0801909088,325,899,504
0801909089,242,661,420
0801909090,251,785,381
0801909091,280,878,490
0801909092,269,967,489
0801909093,186,655,345
0801909094,263,988,604
0801909095,266,954,660
0801909156,164,683,256
0801910001,259,730,456
0801910002,228,847,590
0801910003,207,715,489
0801910004,238,692,473
0801910005,238,756,478
0801910006,189,787,658
0801910007,100,536,551
0801910008,189,715,668
0801910009,188,758,592
0801910010,214,769,620
0801910011,108,537,460
0801910012,216,768,597
0801910013,185,574,484
0801910014,145,622,540
0801910015,225,877,684
0801910016,145,536,411
0801910017,205,780,540
0801910018,149,629,505
0801910019,189,792,489
0801910020,262,671,393
0801910021,214,582,391
0801910022,161,624,431
0801910023,202,658,427
0801910024,177,671,515
0801910025,156,596,441
0801910026,195,694,599
0801910027,200,684,502
0801910028,203,859,537
0801910029,235,650,374
0801910030,244,832,473
0801910031,226,684,445
0801910032,154,654,414
0801910033,147,431,214
0801910034,318,735,396
0801910035,259,889,522
0801910036,117,616,505
0801910037,143,511,248
0801910038,228,701,589
0801910039,224,788,636
0801910040,245,821,606
0801910041,183,648,571
0801910042,388,1315,1176
0801910043,221,1121,1406
0801910044,189,639,617
0801910045,155,511,480
0801910046,170,493,453
0801910047,200,738,595
0801910048,168,567,673
0801910049,158,565,419
0801910050,192,646,527
0801910051,169,614,660
0801910052,128,750,1200
0801910053,83,478,958
0801910054,55,306,471
0801910055,111,780,1381
0801910056,194,684,698
0801910057,180,523,504
0801910058,117,478,396
0801910059,213,635,752
0801910060,171,672,649
0801910061,207,718,578
0801910062,146,645,540
0801910063,170,530,447
0801910064,176,661,619
0801910065,218,627,521
0801910066,207,817,740
0801910067,118,635,829
0801910068,139,611,598
0801910069,287,968,1073
0801910070,215,693,578
0801910071,210,791,574
0801910072,257,773,717
0801910073,271,616,398
0801910074,229,756,588
0801910075,260,623,465
0801910076,113,721,946
0801910077,116,671,761
0801910078,123,799,1060
0801910079,227,703,551
0801910080,145,708,1080
0801910081,445,1022,444
0801910082,540,912,259
0801910083,639,993,164
0801910084,445,769,222
0801910085,573,986,215
0801910086,510,963,230
0801910087,452,898,214
0801910088,344,925,231
0801910089,2036,4001,871
0801910090,311,733,240
0801910091,466,988,345
0801910092,355,737,234
0801910093,270,674,468
0801910094,267,1195,1251
0801910095,199,602,344
0801910096,157,665,632
0801910097,182,611,577
0801910098,268,845,457
0801910099,270,533,149
0801910100,268,726,444
0801910101,240,754,479
0801910102,529,1328,459
0801910103,422,1084,430
0801910104,253,846,338
0801910105,372,1089,448
0801910106,217,502,202
0801910107,186,655,492
0801910108,314,642,249
0801910109,379,762,297
0801910110,363,846,504
0801910111,244,666,253
0801910112,241,715,362
0801910113,185,608,307
0801910114,300,772,277
0801910115,272,680,318
0801910116,423,866,322
0801910117,284,619,231
0801910118,138,452,273
0801910119,219,575,224
0801910120,268,782,313
0801910121,228,798,367
0801910122,274,767,300
0801910123,271,702,229
0801910124,209,551,173
0801910125,260,545,159
0801910126,218,569,150
0801910127,142,503,239
0801910128,307,782,281
0801910129,228,593,210
0801910130,200,625,256
0801910131,200,599,205
0801910132,257,630,245
0801910133,414,901,273
0801910134,338,793,292
0801910135,284,566,220
0801910136,368,697,204
0801910137,502,735,165
0801910138,529,1164,702
0801910139,437,869,202
0801910140,389,863,213
0801910141,280,607,138
0801910142,426,821,209
0801910143,392,893,293
0801910234,307,871,429
0801910235,298,601,261
0801910236,379,700,363
0801910237,180,429,156
