census_section,cars,others,motos,population,cars_abs,motos_abs,others_abs
0801901001,288,139,410,1272,366.34,521.52,176.81
0801901002,149,36,154,1325,197.42,204.05,47.7
0801901003,120,28,80,3370,404.4,269.6,94.36
0801901004,147,22,110,2881,423.51,316.91,63.38
0801901005,136,29,122,2269,308.58,276.82,65.8
0801901006,145,26,102,1556,225.62,158.71,40.46
0801901007,140,26,92,1871,261.94,172.13,48.65
0801901008,113,15,81,3179,359.23,257.5,47.68
0801901009,119,23,94,2103,250.26,197.68,48.37
0801901010,112,25,81,2233,250.1,180.87,55.82
0801901011,115,20,89,3027,348.1,269.4,60.54
0801901012,126,17,91,1856,233.86,168.9,31.55
0801901013,121,23,76,1370,165.77,104.12,31.51
0801901014,91,22,86,1937,176.27,166.58,42.61
0801901015,91,38,79,2163,196.83,170.88,82.19
0801901016,81,17,86,2015,163.22,173.29,34.26
0801901017,98,17,87,2477,242.75,215.5,42.11
0801901018,102,31,134,1448,147.7,194.03,44.89
0801901019,122,27,96,2767,337.57,265.63,74.71
0801901020,138,23,108,2108,290.9,227.66,48.48
0801901021,180,43,127,2008,361.44,255.02,86.34
0801901022,154,27,111,1547,238.24,171.72,41.77
0801901023,223,43,145,1878,418.79,272.31,80.75
0801901025,1219,908,473,1256,1531.06,594.09,1140.45
0801901026,33,31,52,8836,291.59,459.47,273.92
0801901027,377,296,556,1425,537.22,792.3,421.8
0801901028,170,23,129,1857,315.69,239.55,42.71
0801901029,173,25,143,1358,234.93,194.19,33.95
0801901030,192,60,220,2409,462.53,529.98,144.54
0801901031,187,89,178,1591,297.52,283.2,141.6
0801901032,260,83,219,1637,425.62,358.5,135.87
0801901033,216,16,156,1019,220.1,158.96,16.3
0801901034,192,27,157,861,165.31,135.18,23.25
0801901035,221,38,158,1138,251.5,179.8,43.24
0801901036,237,31,215,1137,269.47,244.46,35.25
0801901037,213,32,157,1245,265.18,195.46,39.84
0801901038,186,28,120,1400,260.4,168.0,39.2
0801901039,213,22,151,1253,266.89,189.2,27.57
0801901040,222,40,132,1004,222.89,132.53,40.16
0801901041,209,22,166,1393,291.14,231.24,30.65
0801901042,198,36,121,1628,322.34,196.99,58.61
0801901043,223,83,3552,1602,357.25,5690.3,132.97
0801901044,211,34,158,1366,288.23,215.83,46.44
0801901045,159,31,135,1874,297.97,252.99,58.09
0801901046,156,34,151,1775,276.9,268.02,60.35
0801901047,147,37,126,1674,246.08,210.92,61.94
0801901048,144,25,113,2035,293.04,229.96,50.88
0801901049,139,24,141,1416,196.82,199.66,33.98
0801901050,156,20,112,1532,238.99,171.58,30.64
0801901051,128,21,114,1728,221.18,196.99,36.29
0801901052,243,39,153,2428,590.0,371.48,94.69
0801901053,176,26,123,1809,318.38,222.51,47.03
0801901054,124,38,158,1178,146.07,186.12,44.76
0801901055,239,29,123,1224,292.54,150.55,35.5
0801902001,346,102,103,1290,446.34,132.87,131.58
0801902002,97,11,49,3566,345.9,174.73,39.23
0801902003,258,23,130,1049,270.64,136.37,24.13
0801902004,231,35,138,1421,328.25,196.1,49.74
0801902005,317,34,167,1952,618.78,325.98,66.37
0801902006,291,24,146,1579,459.49,230.53,37.9
0801902007,287,30,151,1167,334.93,176.22,35.01
0801902008,302,23,165,1847,557.79,304.76,42.48
0801902009,272,31,157,1739,473.01,273.02,53.91
0801902010,300,26,144,1165,349.5,167.76,30.29
0801902011,309,22,143,1048,323.83,149.86,23.06
0801902012,240,29,170,1515,363.6,257.55,43.94
0801902013,256,106,177,1079,276.22,190.98,114.37
0801902014,214,30,126,1311,280.55,165.19,39.33
0801902015,228,28,157,1490,339.72,233.93,41.72
0801902016,255,25,154,1774,452.37,273.2,44.35
0801902017,266,30,175,1891,503.01,330.92,56.73
0801902018,296,26,162,1736,513.86,281.23,45.14
0801902019,255,64,152,1896,483.48,288.19,121.34
0801902020,228,24,154,1417,323.08,218.22,34.01
0801902021,243,31,146,1390,337.77,202.94,43.09
0801902022,248,45,149,1260,312.48,187.74,56.7
0801902023,302,19,148,1017,307.13,150.52,19.32
0801902024,237,30,163,1052,249.32,171.48,31.56
0801902025,253,26,125,1057,267.42,132.12,27.48
0801902026,257,20,140,1963,504.49,274.82,39.26
0801902027,250,23,112,1990,497.5,222.88,45.77
0801902028,272,60,172,1922,522.78,330.58,115.32
0801902029,261,35,124,1179,307.72,146.2,41.26
0801902030,212,33,136,1306,276.87,177.62,43.1
0801902031,256,19,146,995,254.72,145.27,18.9
0801902032,231,20,135,1036,239.32,139.86,20.72
0801902033,256,33,153,1097,280.83,167.84,36.2
0801902034,223,18,136,1127,251.32,153.27,20.29
0801902035,261,23,149,1181,308.24,175.97,27.16
0801902036,287,21,147,1137,326.32,167.14,23.88
0801902037,279,21,168,1143,318.9,192.02,24.0
0801902038,282,192,181,1472,415.1,266.43,282.62
0801902039,213,21,120,1672,356.14,200.64,35.11
0801902040,209,18,148,1601,334.61,236.95,28.82
0801902041,260,29,158,1535,399.1,242.53,44.52
0801902042,342,29,160,1522,520.52,243.52,44.14
0801902043,254,20,140,1407,357.38,196.98,28.14
0801902044,257,25,137,1230,316.11,168.51,30.75
0801902045,259,22,151,1115,288.79,168.36,24.53
0801902046,208,16,142,1806,375.65,256.45,28.9
0801902047,243,22,151,1867,453.68,281.92,41.07
0801902048,224,20,141,1233,276.19,173.85,24.66
0801902049,233,22,150,1923,448.06,288.45,42.31
0801902050,272,28,147,1550,421.6,227.85,43.4
0801902051,239,29,189,1775,424.22,335.48,51.48
0801902052,250,33,173,1698,424.5,293.75,56.03
0801902053,222,28,152,1768,392.5,268.74,49.5
0801902054,263,27,169,1772,466.04,299.47,47.84
0801902055,256,20,169,1746,446.98,295.07,34.92
0801902056,227,43,155,1411,320.3,218.7,60.67
0801902057,283,25,241,1198,339.03,288.72,29.95
0801902058,273,32,179,1273,347.53,227.87,40.74
0801902059,254,26,164,1598,405.89,262.07,41.55
0801902060,285,39,185,1564,445.74,289.34,61.0
0801902061,267,37,179,1281,342.03,229.3,47.4
0801902062,302,33,182,1482,447.56,269.72,48.91
0801902063,381,40,270,1038,395.48,280.26,41.52
0801902064,445,27,200,1242,552.69,248.4,33.53
0801902065,255,94,163,1744,444.72,284.27,163.94
0801902066,285,31,170,1695,483.07,288.15,52.54
0801902067,240,27,189,1603,384.72,302.97,43.28
0801902068,247,89,141,1542,380.87,217.42,137.24
0801902069,304,22,175,1296,393.98,226.8,28.51
0801902070,347,59,257,1204,417.79,309.43,71.04
0801902071,333,47,211,1605,534.46,338.66,75.44
0801902072,349,79,206,1157,403.79,238.34,91.4
0801902073,281,35,188,1546,434.43,290.65,54.11
0801902074,319,61,180,1220,389.18,219.6,74.42
0801902075,317,58,212,1192,377.86,252.7,69.14
0801902076,333,107,191,1550,516.15,296.05,165.85
0801902077,512,223,239,1674,857.09,400.09,373.3
0801902078,604,417,551,1385,836.54,763.14,577.54
0801902079,594,234,261,1419,842.89,370.36,332.05
0801902080,467,153,351,1502,701.43,527.2,229.81
0801902081,525,132,297,2055,1078.88,610.33,271.26
0801902082,487,85,387,853,415.41,330.11,72.51
0801902083,646,308,285,1834,1184.76,522.69,564.87
0801902084,304,63,735,1958,595.23,1439.13,123.35
0801902085,416,144,261,1350,561.6,352.35,194.4
0801902086,400,60,267,1336,534.4,356.71,80.16
0801902087,252,22,172,1356,341.71,233.23,29.83
0801902088,300,43,193,1596,478.8,308.03,68.63
0801902089,289,43,395,1667,481.76,658.46,71.68
0801902090,246,35,183,1655,407.13,302.86,57.92
0801902091,204,31,119,2179,444.52,259.3,67.55
0801902092,257,48,196,1693,435.1,331.83,81.26
0801902093,264,43,176,1600,422.4,281.6,68.8
0801902094,292,25,156,1438,419.9,224.33,35.95
0801902095,257,26,194,1447,371.88,280.72,37.62
0801902096,243,25,284,1326,322.22,376.58,33.15
0801902097,229,26,177,1050,240.45,185.85,27.3
0801902098,252,32,209,1366,344.23,285.49,43.71
0801902099,234,27,225,1534,358.96,345.15,41.42
0801902100,313,17,197,1286,402.52,253.34,21.86
0801902101,243,18,158,2038,495.23,322.0,36.68
0801902102,283,26,185,1306,369.6,241.61,33.96
0801902103,247,25,181,1585,391.5,286.88,39.62
0801902104,277,30,153,1123,311.07,171.82,33.69
0801902105,232,20,158,1971,457.27,311.42,39.42
0801902106,306,23,232,1365,417.69,316.68,31.4
0801902107,323,32,211,1532,494.84,323.25,49.02
0801902108,398,38,217,1497,595.81,324.85,56.89
0801902109,342,32,193,1982,677.84,382.53,63.42
0801902110,286,43,184,1774,507.36,326.42,76.28
0801902111,271,35,184,1768,479.13,325.31,61.88
0801902112,405,41,216,1204,487.62,260.06,49.36
0801902113,447,30,170,2084,931.55,354.28,62.52
0801902114,250,22,181,1535,383.75,277.83,33.77
0801902115,242,14,151,1262,305.4,190.56,17.67
0801902116,325,23,189,941,305.82,177.85,21.64
0801902117,325,47,181,1160,377.0,209.96,54.52
0801902118,437,63,175,1357,593.01,237.48,85.49
0801902119,314,19,168,1223,384.02,205.46,23.24
0801902120,311,27,241,1106,343.97,266.55,29.86
0801902121,327,36,166,1201,392.73,199.37,43.24
0801902122,329,19,154,987,324.72,152.0,18.75
0801902123,252,30,174,1033,260.32,179.74,30.99
0801902124,329,38,158,1023,336.57,161.63,38.87
0801902125,273,11,159,1567,427.79,249.15,17.24
0801902126,388,54,175,1391,539.71,243.42,75.11
0801902127,274,591,155,1112,304.69,172.36,657.19
0801902128,233,28,134,1246,290.32,166.96,34.89
0801902129,302,48,142,1449,437.6,205.76,69.55
0801902130,375,83,183,1067,400.12,195.26,88.56
0801902131,273,33,164,1074,293.2,176.14,35.44
0801902132,359,31,185,961,345.0,177.78,29.79
0801902133,297,16,166,760,225.72,126.16,12.16
0801902134,284,19,165,1393,395.61,229.84,26.47
0801902135,238,22,139,2017,480.05,280.36,44.37
0801902136,291,30,163,845,245.9,137.74,25.35
0801902137,245,23,143,1382,338.59,197.63,31.79
0801902138,280,42,170,1819,509.32,309.23,76.4
0801902139,236,27,150,1639,386.8,245.85,44.25
0801902140,280,18,205,1780,498.4,364.9,32.04
0801902141,246,16,206,1128,277.49,232.37,18.05
0801902142,220,25,156,1909,419.98,297.8,47.72
0801902143,245,32,153,1401,343.24,214.35,44.83
0801902144,233,24,151,1422,331.33,214.72,34.13
0801902145,245,20,151,1185,290.32,178.94,23.7
0801902146,278,73,171,1123,312.19,192.03,81.98
0801902147,227,25,158,1980,449.46,312.84,49.5
0801902148,303,52,190,1488,450.86,282.72,77.38
0801902149,221,32,181,1778,392.94,321.82,56.9
0801902150,215,22,121,1443,310.24,174.6,31.75
0801902151,236,17,154,1424,336.06,219.3,24.21
0801902152,287,44,150,1189,341.24,178.35,52.32
0801902153,267,22,154,1247,332.95,192.04,27.43
0801902154,243,29,149,963,234.01,143.49,27.93
0801902155,216,22,131,1689,364.82,221.26,37.16
0801902156,292,23,137,1217,355.36,166.73,27.99
0801902157,223,30,119,1141,254.44,135.78,34.23
0801902158,253,68,142,1507,381.27,213.99,102.48
0801902159,236,21,148,1887,445.33,279.28,39.63
0801902160,247,29,170,1866,460.9,317.22,54.11
0801902161,207,27,169,1096,226.87,185.22,29.59
0801902162,189,18,130,1310,247.59,170.3,23.58
0801902163,258,25,191,1706,440.15,325.85,42.65
0801902164,238,79,174,1375,327.25,239.25,108.62
0801902165,213,27,127,1602,341.23,203.45,43.25
0801902166,219,26,133,2047,448.29,272.25,53.22
0801902167,256,54,156,2002,512.51,312.31,108.11
0801902168,215,28,138,2141,460.32,295.46,59.95
0801902169,195,33,131,1476,287.82,193.36,48.71
0801902170,211,40,137,1446,305.11,198.1,57.84
0801902171,208,22,123,1528,317.82,187.94,33.62
0801902172,217,23,140,1434,311.18,200.76,32.98
0801902173,239,37,151,1467,350.61,221.52,54.28
0801903001,214,22,141,1603,343.04,226.02,35.27
0801903002,215,35,152,1866,401.19,283.63,65.31
0801903003,179,21,129,1602,286.76,206.66,33.64
0801903004,239,23,132,1504,359.46,198.53,34.59
0801903005,238,26,128,1096,260.85,140.29,28.5
0801903006,229,47,164,1346,308.23,220.74,63.26
0801903007,212,28,124,1595,338.14,197.78,44.66
0801903008,208,35,113,1162,241.7,131.31,40.67
0801903009,233,31,132,1159,270.05,152.99,35.93
0801903010,178,41,108,1831,325.92,197.75,75.07
0801903011,157,31,129,1698,266.59,219.04,52.64
0801903012,202,32,125,1954,394.71,244.25,62.53
0801903013,185,33,125,1673,309.5,209.12,55.21
0801903014,180,28,136,1727,310.86,234.87,48.36
0801903015,176,23,106,2786,490.34,295.32,64.08
0801903016,163,31,95,1208,196.9,114.76,37.45
0801903017,177,35,115,1586,280.72,182.39,55.51
0801903018,200,18,125,1564,312.8,195.5,28.15
0801903019,205,28,99,1464,300.12,144.94,40.99
0801903020,295,88,166,1156,341.02,191.9,101.73
0801903021,252,22,113,1013,255.28,114.47,22.29
0801903022,215,64,110,1373,295.2,151.03,87.87
0801903023,199,24,132,1812,360.59,239.18,43.49
0801903024,245,60,175,1908,467.46,333.9,114.48
0801903025,4272,4005,612,1462,6245.66,894.74,5855.31
0801903026,357,22,98,917,327.37,89.87,20.17
0801903027,287,22,137,1601,459.49,219.34,35.22
0801903028,278,32,131,2557,710.85,334.97,81.82
0801903029,259,27,122,1166,301.99,142.25,31.48
0801903030,340,50,156,1455,494.7,226.98,72.75
0801903031,326,40,152,2278,742.63,346.26,91.12
0801903032,255,62,143,1637,417.44,234.09,101.49
0801903033,218,33,115,1411,307.6,162.27,46.56
0801903034,321,59,172,1435,460.64,246.82,84.66
0801903035,314,35,166,2135,670.39,354.41,74.73
0801903036,289,22,155,2306,666.43,357.43,50.73
0801903037,343,39,134,962,329.97,128.91,37.52
0801903038,319,36,181,902,287.74,163.26,32.47
0801903039,223,26,124,2377,530.07,294.75,61.8
0801903040,308,36,159,1627,501.12,258.69,58.57
0801903041,256,23,155,1322,338.43,204.91,30.41
0801903042,289,39,180,1302,376.28,234.36,50.78
0801903043,295,29,133,1451,428.04,192.98,42.08
0801903044,239,28,156,1795,429.0,280.02,50.26
0801903045,264,30,179,1041,274.82,186.34,31.23
0801903046,309,28,142,1346,415.91,191.13,37.69
0801903047,230,38,156,1673,384.79,260.99,63.57
0801903048,338,62,157,1283,433.65,201.43,79.55
0801903049,243,44,110,1593,387.1,175.23,70.09
0801903050,230,30,116,1547,355.81,179.45,46.41
0801903051,204,35,125,1848,376.99,231.0,64.68
0801903052,192,26,127,1286,246.91,163.32,33.44
0801903053,211,40,116,2057,434.03,238.61,82.28
0801903054,279,38,127,1562,435.8,198.37,59.36
0801903055,247,29,136,1499,370.25,203.86,43.47
0801903056,296,51,117,920,272.32,107.64,46.92
0801903057,267,25,127,1392,371.66,176.78,34.8
0801903058,246,24,116,1623,399.26,188.27,38.95
0801903059,264,26,141,1106,291.98,155.95,28.76
0801903060,275,34,120,1291,355.02,154.92,43.89
0801903061,223,21,113,982,218.99,110.97,20.62
0801903062,228,28,140,1460,332.88,204.4,40.88
0801903063,209,37,111,1890,395.01,209.79,69.93
0801903064,310,32,154,1170,362.7,180.18,37.44
0801903065,333,22,183,1300,432.9,237.9,28.6
0801903066,280,25,139,2254,631.12,313.31,56.35
0801903067,285,24,142,1668,475.38,236.86,40.03
0801903068,228,48,113,1084,247.15,122.49,52.03
0801903069,313,28,122,1121,350.87,136.76,31.39
0801903070,248,35,153,1274,315.95,194.92,44.59
0801903071,204,19,107,1282,261.53,137.17,24.36
0801903072,222,19,117,1277,283.49,149.41,24.26
0801903073,254,24,118,1506,382.52,177.71,36.14
0801903074,247,43,136,1663,410.76,226.17,71.51
0801903075,247,24,112,1673,413.23,187.38,40.15
0801903076,254,31,114,984,249.94,112.18,30.5
0801903077,234,20,116,1268,296.71,147.09,25.36
0801903078,216,36,119,1635,353.16,194.56,58.86
0801903079,204,27,111,1723,351.49,191.25,46.52
0801903080,278,15,119,1440,400.32,171.36,21.6
0801903081,260,26,143,1779,462.54,254.4,46.25
0801903082,297,29,153,1777,527.77,271.88,51.53
0801903083,292,26,134,1302,380.18,174.47,33.85
0801903084,316,36,150,1309,413.64,196.35,47.12
0801903085,281,50,161,1256,352.94,202.22,62.8
0801903086,362,21,189,1175,425.35,222.08,24.68
0801903087,264,27,147,1387,366.17,203.89,37.45
0801903088,268,29,159,1305,349.74,207.5,37.84
0801903089,293,22,153,1124,329.33,171.97,24.73
0801903090,256,17,129,905,231.68,116.74,15.39
0801903091,245,31,139,1407,344.72,195.57,43.62
0801903092,271,33,142,1165,315.72,165.43,38.44
0801903093,307,25,167,1402,430.41,234.13,35.05
0801903094,217,16,138,1120,243.04,154.56,17.92
0801903095,242,23,137,1537,371.95,210.57,35.35
0801903096,220,38,124,1465,322.3,181.66,55.67
0801903097,176,35,111,1564,275.26,173.6,54.74
0801903098,210,20,119,1388,291.48,165.17,27.76
0801903099,201,25,140,934,187.73,130.76,23.35
0801903100,200,41,138,1218,243.6,168.08,49.94
0801903101,54,9,33,4272,230.69,140.98,38.45
0801903102,231,28,139,1288,297.53,179.03,36.06
0801903103,266,29,110,1070,284.62,117.7,31.03
0801903104,218,27,128,1348,293.86,172.54,36.4
0801903105,196,32,133,1124,220.3,149.49,35.97
0801903106,205,41,160,1244,255.02,199.04,51.0
0801903107,248,60,132,1532,379.94,202.22,91.92
0801903108,249,39,134,1510,375.99,202.34,58.89
0801903109,251,33,149,1448,363.45,215.75,47.78
0801903110,291,35,150,1341,390.23,201.15,46.94
0801903111,239,34,181,1231,294.21,222.81,41.85
0801903112,265,27,167,1771,469.32,295.76,47.82
0801903113,309,28,167,1435,443.42,239.64,40.18
0801903114,320,32,203,1404,449.28,285.01,44.93
0801903211,294,38,174,1478,434.53,257.17,56.16
0801903212,246,20,136,2213,544.4,300.97,44.26
0801903213,238,31,139,2299,547.16,319.56,71.27
0801904001,275,42,164,1210,332.75,198.44,50.82
0801904002,646,42,139,1826,1179.6,253.81,76.69
0801904003,355,17,184,1025,363.88,188.6,17.42
0801904004,319,28,155,954,304.33,147.87,26.71
0801904005,281,48,153,1153,323.99,176.41,55.34
0801904006,291,25,155,1067,310.5,165.38,26.68
0801904007,281,39,161,948,266.39,152.63,36.97
0801904008,281,33,155,941,264.42,145.85,31.05
0801904009,270,27,161,1415,382.05,227.82,38.2
0801904010,322,22,164,852,274.34,139.73,18.74
0801904011,353,23,157,1652,583.16,259.36,38.0
0801904012,364,29,206,1291,469.92,265.95,37.44
0801904013,368,31,212,1148,422.46,243.38,35.59
0801904014,289,19,144,714,206.35,102.82,13.57
0801904015,301,23,167,1772,533.37,295.92,40.76
0801904016,342,30,165,1007,344.39,166.16,30.21
0801904017,365,24,196,1116,407.34,218.74,26.78
0801904018,328,25,213,1384,453.95,294.79,34.6
0801904019,371,29,267,1285,476.74,343.1,37.26
0801904020,318,27,200,1399,444.88,279.8,37.77
0801904021,569,62,587,1229,699.3,721.42,76.2
0801904022,329,32,193,1589,522.78,306.68,50.85
0801904023,646,85,282,1015,655.69,286.23,86.28
0801904024,1051,121,295,984,1034.18,290.28,119.06
0801904025,298,25,216,1086,323.63,234.58,27.15
0801904026,301,22,188,1148,345.55,215.82,25.26
0801904027,341,39,154,1268,432.39,195.27,49.45
0801904028,299,42,167,1171,350.13,195.56,49.18
0801904029,633,132,272,1082,684.91,294.3,142.82
0801904030,356,28,149,1676,596.66,249.72,46.93
0801904031,211,28,122,1790,377.69,218.38,50.12
0801904032,309,33,151,1462,451.76,220.76,48.25
0801904033,325,21,167,1070,347.75,178.69,22.47
0801904034,381,13,193,1415,539.12,273.1,18.4
0801904035,365,34,181,1291,471.22,233.67,43.89
0801904036,241,28,138,1575,379.58,217.35,44.1
0801904037,330,25,176,2057,678.81,362.03,51.42
0801904038,377,20,183,1168,440.34,213.74,23.36
0801904039,339,31,184,1076,364.76,197.98,33.36
0801904040,231,24,142,1507,348.12,213.99,36.17
0801904041,252,34,160,1226,308.95,196.16,41.68
0801904042,257,29,134,1686,433.3,225.92,48.89
0801904043,409,27,165,1530,625.77,252.45,41.31
0801904044,316,45,160,1524,481.58,243.84,68.58
0801904045,323,49,151,1304,421.19,196.9,63.9
0801904046,430,28,215,2321,998.03,499.02,64.99
0801904047,343,77,149,1775,608.83,264.47,136.68
0801904048,334,17,210,1402,468.27,294.42,23.83
0801904049,470,105,228,1108,520.76,252.62,116.34
0801904050,458,31,249,1917,877.99,477.33,59.43
0801904051,348,21,228,1487,517.48,339.04,31.23
0801904052,568,56,284,2056,1167.81,583.9,115.14
0801904053,354,36,223,1619,573.13,361.04,58.28
0801904054,502,24,280,954,478.91,267.12,22.9
0801904055,604,51,311,1395,842.58,433.84,71.14
0801904056,478,45,298,1603,766.23,477.69,72.13
0801904084,358,30,221,1283,459.31,283.54,38.49
0801905001,396,70,172,1783,706.07,306.68,124.81
0801905002,417,47,275,1543,643.43,424.33,72.52
0801905003,396,54,270,1338,529.85,361.26,72.25
0801905004,439,65,335,965,423.64,323.28,62.72
0801905005,354,33,297,1118,395.77,332.05,36.89
0801905006,493,29,304,1715,845.5,521.36,49.74
0801905007,293,25,201,1757,514.8,353.16,43.92
0801905008,355,36,247,1578,560.19,389.77,56.81
0801905009,346,27,275,1572,543.91,432.3,42.44
0801905010,336,42,248,1433,481.49,355.38,60.19
0801905011,340,32,227,1338,454.92,303.73,42.82
0801905012,370,72,226,1291,477.67,291.77,92.95
0801905013,367,41,240,1586,582.06,380.64,65.03
0801905014,408,30,258,1477,602.62,381.07,44.31
0801905015,335,16,231,1461,489.44,337.49,23.38
0801905016,307,22,191,1772,544.0,338.45,38.98
0801905017,513,35,350,1444,740.77,505.4,50.54
0801905018,404,22,246,1175,474.7,289.05,25.85
0801905019,410,40,294,1582,648.62,465.11,63.28
0801905020,421,30,276,1031,434.05,284.56,30.93
0801905021,386,27,185,1163,448.92,215.16,31.4
0801905022,456,27,295,1552,707.71,457.84,41.9
0801905023,375,33,224,1374,515.25,307.78,45.34
0801905024,444,41,331,1809,803.2,598.78,74.17
0801905025,475,27,336,1227,582.82,412.27,33.13
0801905026,472,26,360,1361,642.39,489.96,35.39
0801905027,497,19,305,1308,650.08,398.94,24.85
0801905028,388,51,274,1614,626.23,442.24,82.31
0801905029,462,34,400,1548,715.18,619.2,52.63
0801905030,468,23,352,1320,617.76,464.64,30.36
0801905031,532,40,538,1489,792.15,801.08,59.56
0801905032,441,31,270,1722,759.4,464.94,53.38
0801905033,423,33,301,1385,585.86,416.88,45.71
0801905034,312,25,253,1177,367.22,297.78,29.42
0801905035,479,31,328,981,469.9,321.77,30.41
0801905036,370,27,286,1670,617.9,477.62,45.09
0801905037,303,27,264,1344,407.23,354.82,36.29
0801905038,349,12,283,1280,446.72,362.24,15.36
0801905039,392,34,277,1470,576.24,407.19,49.98
0801905040,297,33,252,1390,412.83,350.28,45.87
0801905041,239,24,208,1879,449.08,390.83,45.1
0801905042,319,6,236,1183,377.38,279.19,7.1
0801905043,300,27,260,1376,412.8,357.76,37.15
0801905044,307,24,275,1218,373.93,334.95,29.23
0801905045,479,24,272,1507,721.85,409.9,36.17
0801905046,491,26,338,983,482.65,332.25,25.56
0801905047,422,28,300,1135,478.97,340.5,31.78
0801905048,405,31,348,1159,469.4,403.33,35.93
0801905049,463,45,339,1543,714.41,523.08,69.44
0801905050,405,35,275,1549,627.34,425.98,54.22
0801905051,413,41,291,1535,633.95,446.68,62.94
0801905052,420,26,307,1372,576.24,421.2,35.67
0801905053,513,67,329,1428,732.56,469.81,95.68
0801905054,545,39,381,987,537.92,376.05,38.49
0801905055,565,69,474,1318,744.67,624.73,90.94
0801905056,419,21,279,1155,483.94,322.24,24.26
0801905057,521,41,304,1536,800.26,466.94,62.98
0801905058,430,54,329,1496,643.28,492.18,80.78
0801905059,519,142,294,1483,769.68,436.0,210.59
0801905060,408,38,345,1097,447.58,378.46,41.69
0801905061,361,73,297,1398,504.68,415.21,102.05
0801905062,327,21,239,1518,496.39,362.8,31.88
0801905063,350,31,254,1458,510.3,370.33,45.2
0801905064,316,20,236,1429,451.56,337.24,28.58
0801905065,415,128,247,1568,650.72,387.3,200.7
0801905066,388,73,270,1244,482.67,335.88,90.81
0801905067,787,196,350,1225,964.08,428.75,240.1
0801905068,534,71,345,1470,784.98,507.15,104.37
0801905069,344,44,243,1638,563.47,398.03,72.07
0801905070,294,29,269,1370,402.78,368.53,39.73
0801905071,341,45,240,1558,531.28,373.92,70.11
0801905072,343,18,238,1595,547.08,379.61,28.71
0801905073,424,33,282,1513,641.51,426.67,49.93
0801905074,412,26,256,1535,632.42,392.96,39.91
0801905075,376,64,316,1727,649.35,545.73,110.53
0801905076,352,25,285,1316,463.23,375.06,32.9
0801905077,329,44,304,1391,457.64,422.86,61.2
0801905078,346,15,266,2026,701.0,538.92,30.39
0801905079,343,21,265,1144,392.39,303.16,24.02
0801905080,264,22,213,1277,337.13,272.0,28.09
0801905081,297,29,259,1522,452.03,394.2,44.14
0801905082,271,26,199,1547,419.24,307.85,40.22
0801905083,309,23,234,1244,384.4,291.1,28.61
0801905084,277,24,229,1296,358.99,296.78,31.1
0801905085,252,33,206,1262,318.02,259.97,41.65
0801905086,291,49,192,1268,368.99,243.46,62.13
0801905087,307,22,268,1519,466.33,407.09,33.42
0801905088,305,21,237,1716,523.38,406.69,36.04
0801905089,326,23,217,1736,565.94,376.71,39.93
0801905090,336,27,248,1787,600.43,443.18,48.25
0801905091,307,17,239,1520,466.64,363.28,25.84
0801905092,363,26,226,1490,540.87,336.74,38.74
0801905093,375,24,294,1044,391.5,306.94,25.06
0801905094,336,23,278,2610,876.96,725.58,60.03
0801905095,280,16,226,1597,447.16,360.92,25.55
0801905096,296,13,212,1064,314.94,225.57,13.83
0801905097,397,32,302,1581,627.66,477.46,50.59
0801905098,314,14,237,1473,462.52,349.1,20.62
0801906001,270,40,191,1083,292.41,206.85,43.32
0801906002,289,23,176,1415,408.93,249.04,32.54
0801906003,301,34,202,2185,657.68,441.37,74.29
0801906004,327,43,218,1323,432.62,288.41,56.89
0801906006,376,24,250,977,367.35,244.25,23.45
0801906007,302,22,193,1914,578.03,369.4,42.11
0801906008,282,17,212,1846,520.57,391.35,31.38
0801906009,416,35,309,1228,510.85,379.45,42.98
0801906010,388,22,211,976,378.69,205.94,21.47
0801906011,401,20,199,1227,492.03,244.17,24.54
0801906012,338,15,227,1101,372.14,249.93,16.52
0801906013,273,26,215,1723,470.38,370.44,44.8
0801906014,270,13,167,1363,368.01,227.62,17.72
0801906015,264,36,234,1391,367.22,325.49,50.08
0801906016,250,25,177,1522,380.5,269.39,38.05
0801906017,263,28,206,1352,355.58,278.51,37.86
0801906018,269,30,240,1262,339.48,302.88,37.86
0801906019,282,39,216,1428,402.7,308.45,55.69
0801906020,242,33,171,1113,269.35,190.32,36.73
0801906021,307,26,166,1299,398.79,215.63,33.77
0801906022,282,41,211,1302,367.16,274.72,53.38
0801906023,419,28,220,1238,518.72,272.36,34.66
0801906024,287,27,215,1575,452.02,338.62,42.52
0801906025,312,11,178,1334,416.21,237.45,14.67
0801906026,247,13,155,982,242.55,152.21,12.77
0801906027,308,27,183,1152,354.82,210.82,31.1
0801906028,234,18,153,1261,295.07,192.93,22.7
0801906029,240,20,187,1225,294.0,229.08,24.5
0801906030,228,25,169,1259,287.05,212.77,31.48
0801906031,243,28,174,1051,255.39,182.87,29.43
0801906032,245,31,178,1124,275.38,200.07,34.84
0801906033,227,26,184,1200,272.4,220.8,31.2
0801906034,405,13,174,1112,450.36,193.49,14.46
0801906035,265,25,156,1031,273.22,160.84,25.78
0801906036,255,202,185,1285,327.68,237.72,259.57
0801906037,274,42,190,1040,284.96,197.6,43.68
0801906038,213,19,146,1418,302.03,207.03,26.94
0801906039,179,21,156,1491,266.89,232.6,31.31
0801906040,233,23,182,1536,357.89,279.55,35.33
0801906041,216,15,175,1652,356.83,289.1,24.78
0801906042,244,39,189,1614,393.82,305.05,62.95
0801906043,263,29,198,1235,324.8,244.53,35.82
0801906044,395,123,234,1526,602.77,357.08,187.7
0801906045,290,63,192,1227,355.83,235.58,77.3
0801906046,208,23,148,1089,226.51,161.17,25.05
0801906047,169,23,145,1158,195.7,167.91,26.63
0801906048,245,19,179,1341,328.54,240.04,25.48
0801906049,182,23,163,1050,191.1,171.15,24.15
0801906050,161,29,155,1235,198.84,191.42,35.82
0801906051,186,23,157,1139,211.85,178.82,26.2
0801906052,230,32,172,1427,328.21,245.44,45.66
0801906053,184,18,157,1423,261.83,223.41,25.61
0801906054,205,26,143,1536,314.88,219.65,39.94
0801906055,187,20,122,1298,242.73,158.36,25.96
0801906056,181,38,132,1520,275.12,200.64,57.76
0801906057,188,31,153,1464,275.23,223.99,45.38
0801906058,226,46,171,1613,364.54,275.82,74.2
0801906059,235,37,150,1408,330.88,211.2,52.1
0801906060,262,31,216,1648,431.78,355.97,51.09
0801906061,240,18,161,1216,291.84,195.78,21.89
0801906062,225,23,161,1205,271.12,194.0,27.72
0801906063,238,25,160,1418,337.48,226.88,35.45
0801906064,255,27,155,1823,464.86,282.56,49.22
0801906065,277,15,153,1072,296.94,164.02,16.08
0801906066,259,21,165,934,241.91,154.11,19.61
0801906067,228,31,188,1677,382.36,315.28,51.99
0801906068,253,34,207,1475,373.18,305.32,50.15
0801906069,264,21,159,992,261.89,157.73,20.83
0801906070,247,23,167,1777,438.92,296.76,40.87
0801906071,295,19,196,994,293.23,194.82,18.89
0801906072,301,26,136,1549,466.25,210.66,40.27
0801906073,317,39,216,1258,398.79,271.73,49.06
0801906074,236,13,168,1051,248.04,176.57,13.66
0801906075,349,43,198,1002,349.7,198.4,43.09
0801906076,311,24,189,1251,389.06,236.44,30.02
0801906077,258,41,149,1132,292.06,168.67,46.41
0801906078,247,26,194,1229,303.56,238.43,31.95
0801906079,263,27,198,1053,276.94,208.49,28.43
0801906080,258,38,159,1092,281.74,173.63,41.5
0801906081,254,21,156,1233,313.18,192.35,25.89
0801906082,155,9,98,2732,423.46,267.74,24.59
0801906083,304,25,182,1570,477.28,285.74,39.25
0801906084,272,28,186,1371,372.91,255.01,38.39
0801906085,270,20,194,1220,329.4,236.68,24.4
0801906086,347,27,203,925,320.97,187.78,24.98
0801906087,339,26,217,1758,595.96,381.49,45.71
0801906088,296,24,181,1201,355.5,217.38,28.82
0801907001,285,23,161,1384,394.44,222.82,31.83
0801907002,239,17,157,1048,250.47,164.54,17.82
0801907003,238,26,160,1255,298.69,200.8,32.63
0801907004,243,18,139,1463,355.51,203.36,26.33
0801907005,240,23,128,1367,328.08,174.98,31.44
0801907006,298,44,186,914,272.37,170.0,40.22
0801907007,207,16,123,1208,250.06,148.58,19.33
0801907008,310,27,168,1293,400.83,217.22,34.91
0801907009,225,32,166,1161,261.23,192.73,37.15
0801907010,245,31,180,1237,303.06,222.66,38.35
0801907011,232,28,132,1101,255.43,145.33,30.83
0801907012,258,21,162,1479,381.58,239.6,31.06
0801907013,323,24,186,1142,368.87,212.41,27.41
0801907014,219,33,176,788,172.57,138.69,26.0
0801907015,291,49,168,1321,384.41,221.93,64.73
0801907016,338,31,207,1307,441.77,270.55,40.52
0801907017,225,22,160,1596,359.1,255.36,35.11
0801907018,222,31,151,1561,346.54,235.71,48.39
0801907019,261,20,190,1420,370.62,269.8,28.4
0801907020,256,33,152,1628,416.77,247.46,53.72
0801907021,362,51,219,1030,372.86,225.57,52.53
0801907022,271,20,241,1118,302.98,269.44,22.36
0801907023,315,38,256,1264,398.16,323.58,48.03
0801907024,278,24,211,1412,392.54,297.93,33.89
0801907025,242,35,207,1377,333.23,285.04,48.2
0801907026,309,22,206,1050,324.45,216.3,23.1
0801907027,261,35,172,2015,525.92,346.58,70.53
0801907028,293,31,213,1439,421.63,306.51,44.61
0801907029,261,20,179,1247,325.47,223.21,24.94
0801907030,251,37,143,1303,327.05,186.33,48.21
0801907031,245,37,165,1502,367.99,247.83,55.57
0801907032,260,24,134,1373,356.98,183.98,32.95
0801907033,286,27,172,1357,388.1,233.4,36.64
0801907034,277,33,142,1735,480.6,246.37,57.26
0801907035,330,35,150,1662,548.46,249.3,58.17
0801907036,308,24,165,1343,413.64,221.6,32.23
0801907037,265,53,137,1400,371.0,191.8,74.2
0801907038,326,215,170,1216,396.42,206.72,261.44
0801907039,307,43,135,1532,470.32,206.82,65.88
0801907040,258,30,152,1415,365.07,215.08,42.45
0801907041,207,23,132,1314,272.0,173.45,30.22
0801907042,272,36,167,1431,389.23,238.98,51.52
0801907043,250,31,133,1348,337.0,179.28,41.79
0801907044,275,29,145,1219,335.22,176.76,35.35
0801907045,256,25,129,1491,381.7,192.34,37.28
0801907046,258,22,137,1303,336.17,178.51,28.67
0801907047,236,29,148,1382,326.15,204.54,40.08
0801907048,256,28,134,1258,322.05,168.57,35.22
0801907049,299,23,156,1141,341.16,178.0,26.24
0801907050,230,35,166,1138,261.74,188.91,39.83
0801907051,261,24,161,1742,454.66,280.46,41.81
0801907052,348,40,196,1172,407.86,229.71,46.88
0801907053,352,33,220,1422,500.54,312.84,46.93
0801907054,375,40,248,1569,588.38,389.11,62.76
0801907055,364,43,206,1140,414.96,234.84,49.02
0801907056,338,31,244,1139,384.98,277.92,35.31
0801907057,333,38,187,1387,461.87,259.37,52.71
0801907058,362,33,246,1308,473.5,321.77,43.16
0801907059,267,30,217,1247,332.95,270.6,37.41
0801907060,288,40,245,1810,521.28,443.45,72.4
0801907061,311,35,257,1161,361.07,298.38,40.64
0801907062,276,20,171,1335,368.46,228.29,26.7
0801907063,287,26,179,1408,404.1,252.03,36.61
0801907064,246,22,178,1630,400.98,290.14,35.86
0801907065,223,23,174,1651,368.17,287.27,37.97
0801907066,222,45,157,1674,371.63,262.82,75.33
0801907067,245,23,181,1508,369.46,272.95,34.68
0801907068,214,32,164,1272,272.21,208.61,40.7
0801907069,231,17,161,1393,321.78,224.27,23.68
0801907070,246,35,163,1375,338.25,224.12,48.13
0801907071,275,26,142,1278,351.45,181.48,33.23
0801907072,269,40,168,1305,351.04,219.24,52.2
0801907073,248,34,126,1085,269.08,136.71,36.89
0801907074,255,24,156,1576,401.88,245.86,37.82
0801907075,238,30,160,1137,270.61,181.92,34.11
0801907076,258,22,159,1335,344.43,212.26,29.37
0801907077,258,28,186,1271,327.92,236.41,35.59
0801907078,278,28,177,1332,370.3,235.76,37.3
0801907079,255,33,137,1368,348.84,187.42,45.14
0801907080,256,25,145,1741,445.7,252.44,43.53
0801907081,305,41,202,1839,560.9,371.48,75.4
0801907082,264,25,188,1186,313.1,222.97,29.65
0801907083,252,32,167,1296,326.59,216.43,41.47
0801907084,281,31,198,1308,367.55,258.98,40.55
0801907085,312,27,177,1228,383.14,217.36,33.16
0801907086,289,50,165,1428,412.69,235.62,71.4
0801907087,306,31,152,1540,471.24,234.08,47.74
0801907088,272,25,145,1652,449.34,239.54,41.3
0801907089,309,27,133,1295,400.16,172.24,34.96
0801907090,355,46,211,1404,498.42,296.24,64.58
0801907091,303,28,186,1176,356.33,218.74,32.93
0801907092,217,31,103,1329,288.39,136.89,41.2
0801907093,266,30,125,1620,430.92,202.5,48.6
0801907094,284,38,121,1104,313.54,133.58,41.95
0801907095,350,31,142,1386,485.1,196.81,42.97
0801907096,290,17,121,1317,381.93,159.36,22.39
0801907097,301,21,125,713,214.61,89.12,14.97
0801907098,353,30,133,2055,725.42,273.32,61.65
0801907099,420,24,159,1010,424.2,160.59,24.24
0801907100,325,44,107,1113,361.72,119.09,48.97
0801907101,304,36,114,1352,411.01,154.13,48.67
0801907102,283,94,213,647,183.1,137.81,60.82
0801907103,308,37,187,1452,447.22,271.52,53.72
0801907104,313,36,182,1493,467.31,271.73,53.75
0801907105,358,23,203,978,350.12,198.53,22.49
0801907106,290,27,141,1066,309.14,150.31,28.78
0801907107,357,21,175,1117,398.77,195.48,23.46
0801907108,323,25,166,1186,383.08,196.88,29.65
0801907109,287,32,140,1602,459.77,224.28,51.26
0801907110,304,20,161,893,271.47,143.77,17.86
0801907111,328,28,180,811,266.01,145.98,22.71
0801907112,288,40,128,1229,353.95,157.31,49.16
0801907113,282,22,132,1105,311.61,145.86,24.31
0801907114,297,37,148,1137,337.69,168.28,42.07
0801907115,318,32,218,1012,321.82,220.62,32.38
0801907116,270,19,162,1448,390.96,234.58,27.51
0801907117,94,13,49,2732,256.81,133.87,35.52
0801907118,289,38,152,1169,337.84,177.69,44.42
0801907119,252,34,142,1244,313.49,176.65,42.3
0801907120,306,20,164,1155,353.43,189.42,23.1
0801907121,229,26,124,1085,248.46,134.54,28.21
0801907122,272,22,145,1183,321.78,171.54,26.03
0801907123,285,30,157,1348,384.18,211.64,40.44
0801908001,290,24,126,1205,349.45,151.83,28.92
0801908002,277,30,162,1176,325.75,190.51,35.28
0801908003,300,37,143,1134,340.2,162.16,41.96
0801908004,269,33,118,1383,372.03,163.19,45.64
0801908005,293,32,99,1066,312.34,105.53,34.11
0801908006,267,38,152,1566,418.12,238.03,59.51
0801908007,306,42,116,1076,329.26,124.82,45.19
0801908008,288,22,154,1552,446.98,239.01,34.14
0801908009,213,29,129,1699,361.89,219.17,49.27
0801908010,270,101,161,1026,277.02,165.19,103.63
0801908011,277,28,109,1106,306.36,120.55,30.97
0801908012,250,37,129,1216,304.0,156.86,44.99
0801908013,250,21,105,1096,274.0,115.08,23.02
0801908014,227,18,119,1175,266.73,139.82,21.15
0801908015,231,25,104,1289,297.76,134.06,32.22
0801908016,243,43,117,1061,257.82,124.14,45.62
0801908017,313,28,149,1293,404.71,192.66,36.2
0801908018,244,28,94,1401,341.84,131.69,39.23
0801908019,223,27,113,1747,389.58,197.41,47.17
0801908020,251,25,135,1279,321.03,172.67,31.98
0801908021,270,36,116,1374,370.98,159.38,49.46
0801908022,311,19,130,1141,354.85,148.33,21.68
0801908023,247,43,120,1300,321.1,156.0,55.9
0801908024,275,29,119,1273,350.08,151.49,36.92
0801908025,228,30,99,1129,257.41,111.77,33.87
0801908026,236,28,105,1261,297.6,132.4,35.31
0801908027,295,19,123,1336,394.12,164.33,25.38
0801908028,304,28,111,1027,312.21,114.0,28.76
0801908029,293,47,137,1411,413.42,193.31,66.32
0801908030,255,31,105,1401,357.26,147.1,43.43
0801908031,287,29,117,1208,346.7,141.34,35.03
0801908032,313,31,123,1211,379.04,148.95,37.54
0801908033,240,24,97,1418,340.32,137.55,34.03
0801908034,206,17,76,1118,230.31,84.97,19.01
0801908035,67,6,31,4343,290.98,134.63,26.06
0801908036,220,25,102,1431,314.82,145.96,35.78
0801908037,241,38,99,1425,343.42,141.08,54.15
0801908038,219,20,115,1536,336.38,176.64,30.72
0801908039,260,35,123,1428,371.28,175.64,49.98
0801908040,210,24,110,1791,376.11,197.01,42.98
0801908041,180,28,95,2417,435.06,229.62,67.68
0801908042,278,23,92,1126,313.03,103.59,25.9
0801908043,228,23,105,1033,235.52,108.46,23.76
0801908044,199,29,115,1249,248.55,143.64,36.22
0801908045,190,22,90,1643,312.17,147.87,36.15
0801908046,212,34,126,1309,277.51,164.93,44.51
0801908047,189,15,113,1494,282.37,168.82,22.41
0801908048,271,23,141,917,248.51,129.3,21.09
0801908049,282,27,152,1141,321.76,173.43,30.81
0801908050,323,20,113,1309,422.81,147.92,26.18
0801908051,406,35,125,1310,531.86,163.75,45.85
0801908052,339,32,151,840,284.76,126.84,26.88
0801908053,347,32,156,1039,360.53,162.08,33.25
0801908054,310,22,131,1484,460.04,194.4,32.65
0801908055,403,35,107,1713,690.34,183.29,59.96
0801908056,287,30,107,1344,385.73,143.81,40.32
0801908057,269,18,88,1165,313.39,102.52,20.97
0801908058,263,27,103,1498,393.97,154.29,40.45
0801908059,251,28,134,934,234.43,125.16,26.15
0801908060,409,33,130,1128,461.35,146.64,37.22
0801908061,334,44,145,1562,521.71,226.49,68.73
0801908062,387,37,131,1082,418.73,141.74,40.03
0801908063,423,23,124,1012,428.08,125.49,23.28
0801908064,329,27,148,1724,567.2,255.15,46.55
0801908065,248,31,162,1726,428.05,279.61,53.51
0801908066,293,41,138,1540,451.22,212.52,63.14
0801908067,294,35,116,1770,520.38,205.32,61.95
0801908068,247,30,101,1812,447.56,183.01,54.36
0801908069,250,36,105,1507,376.75,158.23,54.25
0801908070,243,45,113,1430,347.49,161.59,64.35
0801908071,259,61,109,1665,431.24,181.48,101.56
0801908072,306,36,108,1125,344.25,121.5,40.5
0801908073,226,23,91,1642,371.09,149.42,37.77
0801908074,247,57,112,1478,365.07,165.54,84.25
0801908075,257,34,84,1798,462.09,151.03,61.13
0801908076,258,36,102,1502,387.52,153.2,54.07
0801908077,234,46,143,1366,319.64,195.34,62.84
0801908078,217,19,105,1477,320.51,155.08,28.06
0801908079,270,48,111,1355,365.85,150.4,65.04
0801908080,257,31,117,1461,375.48,170.94,45.29
0801908081,203,25,95,1569,318.51,149.06,39.22
0801908082,252,40,111,1502,378.5,166.72,60.08
0801908083,230,53,96,1240,285.2,119.04,65.72
0801908084,275,35,129,1019,280.23,131.45,35.67
0801908085,261,47,114,1454,379.49,165.76,68.34
0801908086,266,31,114,1586,421.88,180.8,49.17
0801908087,271,39,88,1138,308.4,100.14,44.38
0801908088,243,29,114,1200,291.6,136.8,34.8
0801908089,260,41,105,1164,302.64,122.22,47.72
0801908090,285,32,127,1141,325.18,144.91,36.51
0801908091,295,31,122,1116,329.22,136.15,34.6
0801908092,319,28,120,946,301.77,113.52,26.49
0801908093,241,32,113,1176,283.42,132.89,37.63
0801908094,273,29,101,1339,365.55,135.24,38.83
0801908095,293,23,117,1010,295.93,118.17,23.23
0801908096,353,64,141,1464,516.79,206.42,93.7
0801908097,291,32,116,1262,367.24,146.39,40.38
0801908098,274,42,102,1193,326.88,121.69,50.11
0801908099,243,32,116,1386,336.8,160.78,44.35
0801908100,235,33,120,1212,284.82,145.44,40.0
0801908101,277,31,87,1593,441.26,138.59,49.38
0801908102,199,30,96,1450,288.55,139.2,43.5
0801908103,215,31,108,1604,344.86,173.23,49.72
0801908104,279,22,95,1174,327.55,111.53,25.83
0801908105,250,47,97,1357,339.25,131.63,63.78
0801908106,272,36,110,1187,322.86,130.57,42.73
0801908107,266,33,113,1789,475.87,202.16,59.04
0801908108,286,63,125,1897,542.54,237.12,119.51
0801908109,360,67,201,956,344.16,192.16,64.05
0801908110,237,41,75,1933,458.12,144.98,79.25
0801908111,223,34,84,1606,358.14,134.9,54.6
0801908112,241,45,63,1663,400.78,104.77,74.83
0801908113,224,36,66,1746,391.1,115.24,62.86
0801908114,292,35,94,1926,562.39,181.04,67.41
0801908115,233,39,63,1653,385.15,104.14,64.47
0801908116,325,73,147,1352,439.4,198.74,98.7
0801908215,242,22,105,1512,365.9,158.76,33.26
0801909001,251,37,89,2670,670.17,237.63,98.79
0801909002,256,33,111,2101,537.86,233.21,69.33
0801909003,248,35,109,2123,526.5,231.41,74.31
0801909004,270,30,104,1619,437.13,168.38,48.57
0801909005,303,49,108,1571,476.01,169.67,76.98
0801909006,265,26,116,1233,326.74,143.03,32.06
0801909007,282,50,121,1290,363.78,156.09,64.5
0801909008,400,27,126,1857,742.8,233.98,50.14
0801909009,696,276,218,1352,940.99,294.74,373.15
0801909010,333,54,102,1735,577.76,176.97,93.69
0801909011,317,35,114,1545,489.76,176.13,54.08
0801909013,230,28,92,1945,447.35,178.94,54.46
0801909014,118,28,42,2930,345.74,123.06,82.04
0801909015,633,618,124,1792,1134.34,222.21,1107.46
0801909016,373,27,127,1232,459.54,156.46,33.26
0801909017,302,25,132,1463,441.83,193.12,36.58
0801909018,304,22,134,1385,421.04,185.59,30.47
0801909019,337,27,145,2624,884.29,380.48,70.85
0801909020,276,29,118,1063,293.39,125.43,30.83
0801909021,352,40,152,1361,479.07,206.87,54.44
0801909022,264,30,135,1200,316.8,162.0,36.0
0801909023,303,26,156,1171,354.81,182.68,30.45
0801909024,306,23,116,1115,341.19,129.34,25.64
0801909025,285,50,135,1178,335.73,159.03,58.9
0801909026,326,21,121,1430,466.18,173.03,30.03
0801909027,377,23,143,1252,472.0,179.04,28.8
0801909028,364,36,114,1542,561.29,175.79,55.51
0801909029,332,16,94,1041,345.61,97.85,16.66
0801909030,323,21,159,1396,450.91,221.96,29.32
0801909031,332,36,121,1127,374.16,136.37,40.57
0801909032,247,31,99,2101,518.95,208.0,65.13
0801909033,307,23,127,3123,958.76,396.62,71.83
0801909034,278,31,125,1345,373.91,168.12,41.7
0801909035,297,30,114,1509,448.17,172.03,45.27
0801909036,326,30,103,1319,429.99,135.86,39.57
0801909037,241,37,92,1562,376.44,143.7,57.79
0801909038,306,21,125,1680,514.08,210.0,35.28
0801909039,322,27,119,1450,466.9,172.55,39.15
0801909040,281,29,126,1535,431.34,193.41,44.52
0801909041,294,36,143,1318,387.49,188.47,47.45
0801909042,298,33,138,1194,355.81,164.77,39.4
0801909043,279,43,133,1279,356.84,170.11,55.0
0801909044,275,50,135,1463,402.33,197.51,73.15
0801909045,279,25,134,1341,374.14,179.69,33.52
0801909046,314,37,139,1271,399.09,176.67,47.03
0801909047,258,25,143,1491,384.68,213.21,37.28
0801909048,296,18,127,1280,378.88,162.56,23.04
0801909049,278,27,108,1246,346.39,134.57,33.64
0801909050,277,30,136,1430,396.11,194.48,42.9
0801909051,311,39,144,1211,376.62,174.38,47.23
0801909052,280,23,119,1159,324.52,137.92,26.66
0801909053,290,24,112,1549,449.21,173.49,37.18
0801909054,267,26,122,998,266.47,121.76,25.95
0801909055,286,31,117,1705,487.63,199.48,52.86
0801909056,317,30,125,1029,326.19,128.62,30.87
0801909057,258,25,129,1616,416.93,208.46,40.4
0801909058,242,32,133,1477,357.43,196.44,47.26
0801909059,287,30,98,1356,389.17,132.89,40.68
0801909060,271,33,120,1276,345.8,153.12,42.11
0801909061,323,41,132,1529,493.87,201.83,62.69
0801909062,224,18,108,1450,324.8,156.6,26.1
0801909063,339,30,141,1114,377.65,157.07,33.42
0801909064,367,41,163,1104,405.17,179.95,45.26
0801909065,262,24,113,2010,526.62,227.13,48.24
0801909066,316,44,113,1363,430.71,154.02,59.97
0801909067,230,24,98,1430,328.9,140.14,34.32
0801909068,284,22,136,1455,413.22,197.88,32.01
0801909069,214,15,108,850,181.9,91.8,12.75
0801909070,216,20,92,1655,357.48,152.26,33.1
0801909071,254,21,114,1806,458.72,205.88,37.93
0801909072,205,23,84,1344,275.52,112.9,30.91
0801909073,321,20,116,1403,450.36,162.75,28.06
0801909074,235,21,117,1523,357.9,178.19,31.98
0801909075,247,30,98,1448,357.66,141.9,43.44
0801909076,257,29,118,1306,335.64,154.11,37.87
0801909077,250,23,106,1477,369.25,156.56,33.97
0801909078,278,41,151,1372,381.42,207.17,56.25
0801909079,251,28,120,1539,386.29,184.68,43.09
0801909080,272,27,133,1256,341.63,167.05,33.91
0801909081,276,28,137,1647,454.57,225.64,46.12
0801909082,241,37,141,1883,453.8,265.5,69.67
0801909083,254,25,150,1557,395.48,233.55,38.93
0801909084,283,26,163,1606,454.5,261.78,41.76
0801909085,276,35,164,1706,470.86,279.78,59.71
0801909086,255,29,120,1411,359.8,169.32,40.92
0801909087,287,24,141,1243,356.74,175.26,29.83
0801909088,232,23,127,1823,422.94,231.52,41.93
0801909089,241,27,135,1384,333.54,186.84,37.37
0801909090,289,25,131,1449,418.76,189.82,36.22
0801909091,292,25,122,1776,518.59,216.67,44.4
0801909092,327,39,135,1801,588.93,243.14,70.24
0801909093,311,43,133,1218,378.8,161.99,52.37
0801909094,277,28,138,1895,524.92,261.51,53.06
0801909095,258,27,108,2045,527.61,220.86,55.22
0801909156,312,19,121,1220,380.64,147.62,23.18
0801910001,241,45,116,1525,367.52,176.9,68.62
0801910002,286,37,145,1726,493.64,250.27,63.86
0801910003,239,39,113,1494,357.07,168.82,58.27
0801910004,264,34,109,1478,390.19,161.1,50.25
0801910005,317,26,154,1543,489.13,237.62,40.12
0801910006,261,19,138,1718,448.4,237.08,32.64
0801910007,358,56,172,1246,446.07,214.31,69.78
0801910008,256,26,122,1622,415.23,197.88,42.17
0801910009,222,23,128,1512,335.66,193.54,34.78
0801910010,245,41,142,1643,402.54,233.31,67.36
0801910011,276,23,164,1126,310.78,184.66,25.9
0801910012,261,27,151,1690,441.09,255.19,45.63
0801910013,264,25,146,1306,344.78,190.68,32.65
0801910014,235,35,145,1403,329.7,203.43,49.1
0801910015,257,23,149,1845,474.16,274.9,42.44
0801910016,284,78,167,1166,331.14,194.72,90.95
0801910017,256,25,132,1589,406.78,209.75,39.72
0801910018,215,26,117,1401,301.21,163.92,36.43
0801910019,243,31,142,1441,350.16,204.62,44.67
0801910020,223,21,129,1398,311.75,180.34,29.36
0801910021,246,37,141,1247,306.76,175.83,46.14
0801910022,252,40,163,1305,328.86,212.72,52.2
0801910023,256,29,137,1361,348.42,186.46,39.47
0801910024,247,23,116,1428,352.72,165.65,32.84
0801910025,240,23,141,1244,298.56,175.4,28.61
0801910026,302,32,118,1503,453.91,177.35,48.1
0801910027,286,37,114,1459,417.27,166.33,53.98
0801910028,287,42,147,1684,483.31,247.55,70.73
0801910029,268,32,127,1367,366.36,173.61,43.74
0801910030,300,30,133,1673,501.9,222.51,50.19
0801910031,266,34,124,1456,387.3,180.54,49.5
0801910032,309,50,162,1325,409.42,214.65,66.25
0801910033,342,21,132,779,266.42,102.83,16.36
0801910034,325,24,124,1595,518.38,197.78,38.28
0801910035,325,23,144,1896,616.2,273.02,43.61
0801910036,320,25,166,1399,447.68,232.23,34.98
0801910037,204,42,121,992,202.37,120.03,41.66
0801910038,276,37,113,1532,422.83,173.12,56.68
0801910039,261,36,117,1771,462.23,207.21,63.76
0801910040,231,31,140,1693,391.08,237.02,52.48
0801910041,261,34,155,1538,401.42,238.39,52.29
0801910042,262,79,103,3124,818.49,321.77,246.8
0801910043,308,139,184,2337,719.8,430.01,324.84
0801910044,297,42,132,1500,445.5,198.0,63.0
0801910045,283,34,1222,1210,342.43,1478.62,41.14
0801910046,295,39,158,1181,348.4,186.6,46.06
0801910047,259,58,149,1652,427.87,246.15,95.82
0801910048,267,34,187,1579,421.59,295.27,53.69
0801910049,300,32,141,1255,376.5,176.96,40.16
0801910050,301,46,163,1482,446.08,241.57,68.17
0801910051,296,20,143,1575,466.2,225.22,31.5
0801910052,365,43,189,2395,874.18,452.66,102.98
0801910053,400,48,195,1693,677.2,330.14,81.26
0801910054,360,53,175,942,339.12,164.85,49.93
0801910055,424,33,198,2580,1093.92,510.84,85.14
0801910056,308,112,271,1762,542.7,477.5,197.34
0801910057,324,96,149,1357,439.67,202.19,130.27
0801910058,327,60,571,1096,358.39,625.82,65.76
0801910059,288,43,129,1714,493.63,221.11,73.7
0801910060,231,34,166,1632,376.99,270.91,55.49
0801910061,329,33,162,1641,539.89,265.84,54.15
0801910062,306,20,146,1450,443.7,211.7,29.0
0801910063,303,34,126,1123,340.27,141.5,38.18
0801910064,286,38,131,1583,452.74,207.37,60.15
0801910065,271,24,129,1493,404.6,192.6,35.83
0801910066,268,36,145,2028,543.5,294.06,73.01
0801910067,274,12,127,1897,519.78,240.92,22.76
0801910068,287,22,134,1607,461.21,215.34,35.35
0801910069,222,21,100,2694,598.07,269.4,56.57
0801910070,276,24,126,1585,437.46,199.71,38.04
0801910071,329,33,153,1749,575.42,267.6,57.72
0801910072,283,26,133,1986,562.04,264.14,51.64
0801910073,306,35,119,1390,425.34,165.41,48.65
0801910074,245,42,126,1601,392.24,201.73,67.24
0801910075,285,47,124,1479,421.52,183.4,69.51
0801910076,271,30,122,2243,607.85,273.65,67.29
0801910077,331,29,137,1789,592.16,245.09,51.88
0801910078,341,25,134,2379,811.24,318.79,59.48
0801910079,319,37,139,1674,534.01,232.69,61.94
0801910080,334,37,145,2258,754.17,327.41,83.55
0801910081,237,25,94,2080,492.96,195.52,52.0
0801910082,236,25,67,1891,446.28,126.7,47.28
0801910083,207,34,65,2144,443.81,139.36,72.9
0801910084,239,32,83,1582,378.1,131.31,50.62
0801910085,209,24,79,2006,419.25,158.47,48.14
0801910086,226,34,93,1851,418.33,172.14,62.93
0801910087,224,30,98,1681,376.54,164.74,50.43
0801910088,293,26,106,1605,470.26,170.13,41.73
0801910089,90,35,33,4729,425.61,156.06,165.52
0801910090,259,31,96,1397,361.82,134.11,43.31
0801910091,292,32,106,1874,547.21,198.64,59.97
0801910092,354,33,113,1408,498.43,159.1,46.46
0801910093,334,46,114,1058,353.37,120.61,48.67
0801910094,286,113,115,3020,863.72,347.3,341.26
0801910095,276,88,108,1287,355.21,139.0,113.26
0801910096,269,16,146,1601,430.67,233.75,25.62
0801910097,280,38,122,1475,413.0,179.95,56.05
0801910098,368,24,189,1728,635.9,326.59,41.47
0801910099,237,26,102,1081,256.2,110.26,28.11
0801910100,284,43,135,1598,453.83,215.73,68.71
0801910101,346,279,135,1674,579.2,225.99,467.05
0801910102,292,25,121,2492,727.66,301.53,62.3
0801910103,341,26,132,2040,695.64,269.28,53.04
0801910104,396,15,150,1519,601.52,227.85,22.78
0801910105,345,28,135,2080,717.6,280.8,58.24
0801910106,307,20,155,946,290.42,146.63,18.92
0801910107,339,35,147,1441,488.5,211.83,50.44
0801910108,311,30,118,1235,384.08,145.73,37.05
0801910109,252,22,116,1535,386.82,178.06,33.77
0801910110,225,20,95,1553,349.42,147.54,31.06
0801910111,339,28,138,1229,416.63,169.6,34.41
0801910112,356,39,126,1453,517.27,183.08,56.67
0801910113,285,43,120,1120,319.2,134.4,48.16
0801910114,226,38,124,1439,325.21,178.44,54.68
0801910115,259,21,112,1359,351.98,152.21,28.54
0801910116,268,25,116,1697,454.8,196.85,42.42
0801910117,280,68,129,1186,332.08,152.99,80.65
0801910118,358,34,138,920,329.36,126.96,31.28
0801910119,253,17,98,1071,270.96,104.96,18.21
0801910120,254,31,117,1289,327.41,150.81,39.96
0801910121,250,27,109,1534,383.5,167.21,41.42
0801910122,332,31,162,1409,467.79,228.26,43.68
0801910123,326,39,123,1304,425.1,160.39,50.86
0801910124,347,22,144,1071,371.64,154.22,23.56
0801910125,308,25,120,1056,325.25,126.72,26.4
0801910126,383,25,114,962,368.45,109.67,24.05
0801910127,304,21,122,1015,308.56,123.83,21.32
0801910128,354,23,127,1492,528.17,189.48,34.32
0801910129,411,37,136,1103,453.33,150.01,40.81
0801910130,283,26,110,1135,321.2,124.85,29.51
0801910131,393,27,134,1030,404.79,138.02,27.81
0801910132,290,31,107,1190,345.1,127.33,36.89
0801910133,295,30,112,1598,471.41,178.98,47.94
0801910134,240,28,103,1407,337.68,144.92,39.4
0801910135,361,48,136,1191,429.95,161.98,57.17
0801910136,279,24,101,1289,359.63,130.19,30.94
0801910137,354,182,144,1512,535.25,217.73,275.18
0801910138,275,33,91,1538,422.95,139.96,50.75
0801910139,250,24,91,1586,396.5,144.33,38.06
0801910140,254,14,92,1531,388.87,140.85,21.43
0801910141,256,27,112,1061,271.62,118.83,28.65
0801910142,256,25,89,1515,387.84,134.83,37.88
0801910143,279,31,112,1709,476.81,191.41,52.98
0801910234,284,27,136,1735,492.74,235.96,46.84
0801910235,284,35,101,1222,347.05,123.42,42.77
0801910236,269,33,103,1472,395.97,151.62,48.58
0801910237,341,52,138,837,285.42,115.51,43.52
