census_section,f,m,10-19,20-29,30-39,40-49,50-59,60-69,70+,total_population
0801901001,583,689,85,205,290,206,160,86,122,1272
0801901002,630,695,84,316,306,210,134,88,86,1325
0801901003,1533,1837,431,540,611,497,365,259,188,3370
0801901004,1287,1594,263,527,645,483,381,192,151,2881
0801901005,1029,1240,204,438,458,379,274,189,157,2269
0801901006,698,858,108,302,327,296,171,130,84,1556
0801901007,749,1122,164,317,406,364,240,137,70,1871
0801901008,1295,1884,275,532,631,562,402,201,219,3179
0801901009,962,1141,181,305,459,368,270,155,136,2103
0801901010,1027,1206,195,378,495,425,266,145,110,2233
0801901011,1357,1670,291,530,678,557,358,199,130,3027
0801901012,906,950,158,311,408,322,231,152,119,1856
0801901013,688,682,134,164,274,242,208,126,111,1370
0801901014,869,1068,170,305,368,378,307,175,111,1937
0801901015,1052,1111,179,340,472,392,280,177,128,2163
0801901016,996,1019,177,292,421,383,300,170,105,2015
0801901017,1214,1263,216,442,504,467,319,204,121,2477
0801901018,706,742,146,250,271,255,193,116,108,1448
0801901019,1269,1498,180,544,648,471,335,197,148,2767
0801901020,1089,1019,118,423,506,316,264,214,185,2108
0801901021,1010,998,103,402,531,305,221,189,152,2008
0801901022,710,837,87,392,381,220,171,136,103,1547
0801901023,926,952,108,366,481,271,243,173,148,1878
0801901025,612,644,71,301,328,183,143,101,68,1256
0801901026,1946,6890,311,2193,2789,1622,923,468,197,8836
0801901027,717,708,81,312,318,233,187,106,121,1425
0801901028,931,926,94,485,467,269,189,129,126,1857
0801901029,690,668,80,370,338,198,143,95,76,1358
0801901030,1172,1237,165,510,497,388,302,205,198,2409
0801901031,742,849,77,345,402,248,183,121,98,1591
0801901032,797,840,57,276,445,261,237,137,163,1637
0801901033,488,531,34,187,302,140,126,91,77,1019
0801901034,403,458,37,147,231,141,126,74,74,861
0801901035,563,575,54,210,280,201,149,96,99,1138
0801901036,597,540,73,203,198,173,156,142,133,1137
0801901037,647,598,84,202,211,219,175,144,160,1245
0801901038,674,726,62,282,380,250,157,111,90,1400
0801901039,597,656,77,235,294,190,161,149,98,1253
0801901040,481,523,57,173,253,166,110,102,93,1004
0801901041,695,698,68,280,415,245,151,102,63,1393
0801901042,850,778,111,207,317,218,225,177,264,1628
0801901043,777,825,84,247,413,314,180,130,106,1602
0801901044,697,669,106,218,328,241,187,123,85,1366
0801901045,924,950,83,385,567,288,222,143,117,1874
0801901046,842,933,98,402,491,292,167,125,115,1775
0801901047,847,827,91,340,434,285,191,114,142,1674
0801901048,1016,1019,162,362,444,385,263,132,137,2035
0801901049,725,691,121,255,315,218,152,123,107,1416
0801901050,761,771,89,317,392,232,169,132,123,1532
0801901051,829,899,109,337,447,309,225,128,76,1728
0801901052,1184,1244,211,448,507,421,320,201,172,2428
0801901053,927,882,117,283,410,324,240,152,205,1809
0801901054,580,598,64,199,314,210,151,81,106,1178
0801901055,607,617,85,132,214,197,157,136,210,1224
0801902001,679,611,108,155,212,237,172,142,160,1290
0801902002,1567,1999,228,624,755,637,483,293,304,3566
0801902003,564,485,84,173,148,126,148,148,167,1049
0801902004,710,711,92,246,292,219,172,140,151,1421
0801902005,1037,915,145,244,326,321,218,247,309,1952
0801902006,840,739,130,199,258,270,196,189,216,1579
0801902007,630,537,82,144,222,192,126,158,172,1167
0801902008,968,879,161,272,280,308,232,226,235,1847
0801902009,909,830,123,238,288,276,217,232,216,1739
0801902010,608,557,103,142,187,182,147,165,150,1165
0801902011,535,513,68,158,176,141,140,151,152,1048
0801902012,771,744,105,204,279,220,194,207,196,1515
0801902013,559,520,103,160,242,177,146,104,83,1079
0801902014,673,638,110,206,293,225,178,93,112,1311
0801902015,751,739,96,239,302,222,180,181,157,1490
0801902016,953,821,148,225,308,278,233,231,228,1774
0801902017,1005,886,169,298,317,266,287,234,193,1891
0801902018,924,812,162,249,232,255,219,214,287,1736
0801902019,994,902,134,228,345,315,238,227,248,1896
0801902020,736,681,104,239,332,214,178,148,114,1417
0801902021,734,656,78,194,247,255,186,153,178,1390
0801902022,648,612,94,201,218,171,186,155,148,1260
0801902023,559,458,59,138,162,132,155,161,157,1017
0801902024,565,487,52,158,230,153,139,138,111,1052
0801902025,548,509,90,135,182,156,147,121,160,1057
0801902026,1083,880,145,284,362,263,284,256,246,1963
0801902027,1030,960,164,243,352,295,289,275,232,1990
0801902028,1034,888,148,271,339,270,263,256,248,1922
0801902029,633,546,87,121,218,179,140,177,173,1179
0801902030,682,624,120,180,264,207,181,142,113,1306
0801902031,546,449,80,115,135,138,136,116,200,995
0801902032,574,462,70,119,211,130,138,135,163,1036
0801902033,586,511,76,138,222,173,146,115,156,1097
0801902034,623,504,71,180,223,185,138,132,142,1127
0801902035,630,551,75,170,213,175,166,141,172,1181
0801902036,608,529,92,150,184,146,153,192,144,1137
0801902037,589,554,84,149,196,137,170,183,158,1143
0801902038,770,702,105,243,221,193,260,230,139,1472
0801902039,931,741,137,251,308,235,242,185,218,1672
0801902040,826,775,113,255,314,245,250,168,160,1601
0801902041,823,712,115,177,262,249,188,207,236,1535
0801902042,814,708,107,171,227,218,182,254,276,1522
0801902043,733,674,99,165,250,211,192,202,162,1407
0801902044,656,574,84,181,190,205,128,146,188,1230
0801902045,588,527,97,136,177,182,144,133,179,1115
0801902046,957,849,137,275,327,271,235,221,180,1806
0801902047,984,883,162,262,312,254,272,213,249,1867
0801902048,668,565,88,188,231,189,165,138,137,1233
0801902049,1031,892,117,291,400,281,243,209,258,1923
0801902050,839,711,100,242,313,235,214,193,176,1550
0801902051,940,835,115,306,393,256,226,181,200,1775
0801902052,924,774,121,259,367,263,234,177,169,1698
0801902053,929,839,141,260,350,293,248,189,191,1768
0801902054,922,850,121,231,333,291,220,208,213,1772
0801902055,911,835,126,250,312,254,241,228,209,1746
0801902056,737,674,105,211,301,251,185,119,129,1411
0801902057,614,584,125,146,148,192,171,136,177,1198
0801902058,658,615,115,125,207,194,194,154,179,1273
0801902059,880,718,131,229,275,236,189,205,216,1598
0801902060,850,714,132,234,267,232,196,184,181,1564
0801902061,699,582,95,234,277,159,181,123,133,1281
0801902062,763,719,116,235,248,247,202,157,152,1482
0801902063,577,461,91,134,140,141,151,146,154,1038
0801902064,660,582,107,179,188,180,147,166,175,1242
0801902065,917,827,127,262,308,285,267,189,179,1744
0801902066,908,787,126,235,296,256,185,218,272,1695
0801902067,826,777,99,228,375,259,181,180,147,1603
0801902068,807,735,100,217,309,245,167,208,171,1542
0801902069,702,594,119,176,199,208,166,170,156,1296
0801902070,630,574,88,216,212,164,165,141,141,1204
0801902071,813,792,141,235,243,250,232,205,179,1605
0801902072,565,592,106,175,150,154,186,184,127,1157
0801902073,806,740,129,246,282,263,214,178,138,1546
0801902074,606,614,107,192,205,209,182,134,110,1220
0801902075,617,575,108,178,229,188,171,128,120,1192
0801902076,809,741,146,227,236,231,253,169,177,1550
0801902077,824,850,99,372,358,227,194,174,145,1674
0801902078,733,652,122,289,228,195,177,131,162,1385
0801902079,704,715,126,275,279,214,153,115,171,1419
0801902080,743,759,114,236,280,226,180,193,163,1502
0801902081,1086,969,158,338,370,258,297,252,256,2055
0801902082,441,412,56,157,142,128,117,87,113,853
0801902083,963,871,169,341,292,280,219,181,232,1834
0801902084,1053,905,147,336,362,294,256,229,209,1958
0801902085,744,606,117,204,261,197,187,144,163,1350
0801902086,719,617,135,201,210,218,192,156,117,1336
0801902087,739,617,109,183,250,207,182,175,159,1356
0801902088,828,768,122,279,260,230,230,187,199,1596
0801902089,875,792,126,270,291,245,258,206,175,1667
0801902090,875,780,114,284,344,257,201,188,156,1655
0801902091,944,1235,114,462,548,314,282,196,167,2179
0801902092,827,866,100,295,373,254,219,188,169,1693
0801902093,810,790,126,282,282,227,195,198,213,1600
0801902094,728,710,70,232,282,237,166,170,210,1438
0801902095,725,722,87,245,274,216,200,172,169,1447
0801902096,674,652,79,196,292,196,163,153,165,1326
0801902097,548,502,82,155,218,169,150,106,106,1050
0801902098,724,642,73,243,294,196,197,159,130,1366
0801902099,785,749,127,277,271,220,233,153,154,1534
0801902100,679,607,69,195,249,175,152,202,172,1286
0801902101,1088,950,166,303,362,298,264,234,266,2038
0801902102,719,587,111,171,188,182,198,174,175,1306
0801902103,847,738,91,251,340,270,179,163,190,1585
0801902104,603,520,86,164,161,159,129,161,178,1123
0801902105,1057,914,146,335,348,303,253,225,224,1971
0801902106,725,640,148,161,228,214,192,140,174,1365
0801902107,828,704,149,172,233,219,220,179,243,1532
0801902108,804,693,123,217,209,205,185,185,248,1497
0801902109,1076,906,185,279,263,253,302,260,293,1982
0801902110,944,830,152,235,324,307,221,200,190,1774
0801902111,939,829,132,251,280,271,268,204,227,1768
0801902112,646,558,106,124,184,154,155,150,258,1204
0801902113,1079,1005,161,238,314,311,240,231,377,2084
0801902114,807,728,119,195,266,216,190,178,258,1535
0801902115,671,591,109,164,201,205,183,132,170,1262
0801902116,504,437,95,101,119,128,144,146,138,941
0801902117,639,521,92,132,173,169,135,132,223,1160
0801902118,708,649,111,199,225,191,195,200,151,1357
0801902119,620,603,81,133,198,177,139,183,214,1223
0801902120,576,530,76,139,197,166,136,152,190,1106
0801902121,627,574,103,151,193,169,180,162,155,1201
0801902122,526,461,61,135,149,117,109,179,180,987
0801902123,549,484,59,132,206,156,137,129,134,1033
0801902124,558,465,73,121,153,128,128,160,183,1023
0801902125,845,722,99,212,240,231,199,192,279,1567
0801902126,746,645,103,171,216,197,172,233,211,1391
0801902127,577,535,69,143,241,157,152,116,150,1112
0801902128,669,577,78,168,252,192,169,129,166,1246
0801902129,775,674,93,217,242,205,161,233,213,1449
0801902130,564,503,83,116,138,143,110,173,219,1067
0801902131,569,505,68,150,190,158,135,115,179,1074
0801902132,473,488,50,110,195,122,100,177,148,961
0801902133,411,349,54,83,115,96,97,73,196,760
0801902134,720,673,86,196,233,198,166,222,205,1393
0801902135,1063,954,122,303,398,329,270,224,230,2017
0801902136,454,391,58,108,149,118,99,125,144,845
0801902137,719,663,90,217,282,210,186,165,147,1382
0801902138,936,883,154,236,308,246,254,207,279,1819
0801902139,848,791,93,286,399,221,211,161,169,1639
0801902140,928,852,110,256,358,289,227,215,193,1780
0801902141,591,537,101,154,188,167,132,174,142,1128
0801902142,965,944,144,295,341,332,288,179,207,1909
0801902143,692,709,108,192,284,234,176,151,156,1401
0801902144,734,688,92,248,264,219,183,169,151,1422
0801902145,584,601,80,197,234,165,177,138,109,1185
0801902146,601,522,65,171,226,150,134,178,134,1123
0801902147,1025,955,151,270,349,327,289,253,218,1980
0801902148,786,702,92,185,274,252,166,192,209,1488
0801902149,899,879,143,259,318,302,257,201,163,1778
0801902150,721,722,106,232,284,211,185,179,158,1443
0801902151,765,659,95,207,273,243,184,176,150,1424
0801902152,639,550,90,166,185,155,140,172,218,1189
0801902153,673,574,81,157,174,221,160,145,213,1247
0801902154,493,470,46,147,222,154,116,109,103,963
0801902155,877,812,128,208,269,291,228,194,261,1689
0801902156,625,592,71,134,197,173,174,173,229,1217
0801902157,613,528,90,139,197,191,142,110,185,1141
0801902158,772,735,104,175,263,245,199,187,231,1507
0801902159,959,928,141,271,363,273,248,220,219,1887
0801902160,942,924,142,250,316,295,286,240,223,1866
0801902161,546,550,75,171,219,187,145,113,106,1096
0801902162,668,642,79,169,222,211,209,152,162,1310
0801902163,873,833,103,270,320,288,219,191,210,1706
0801902164,681,694,91,260,285,205,182,162,117,1375
0801902165,817,785,103,228,318,280,223,130,202,1602
0801902166,1049,998,154,280,411,358,275,226,202,2047
0801902167,1005,997,167,235,327,332,288,213,276,2002
0801902168,1122,1019,144,262,418,367,289,262,231,2141
0801902169,738,738,105,189,287,253,224,156,168,1476
0801902170,758,688,107,170,246,235,222,182,184,1446
0801902171,782,746,96,207,282,241,214,153,201,1528
0801902172,756,678,94,152,306,270,224,137,142,1434
0801902173,748,719,107,204,291,257,185,167,169,1467
0801903001,830,773,117,208,273,269,195,223,199,1603
0801903002,940,926,135,253,347,365,261,167,195,1866
0801903003,814,788,133,218,313,291,231,150,146,1602
0801903004,783,721,107,197,296,247,199,182,163,1504
0801903005,556,540,75,118,215,188,140,123,153,1096
0801903006,665,681,93,169,275,269,207,117,100,1346
0801903007,823,772,158,198,267,305,225,144,187,1595
0801903008,603,559,87,161,260,193,146,120,97,1162
0801903009,592,567,85,112,255,200,150,142,137,1159
0801903010,867,964,138,298,343,334,288,172,130,1831
0801903011,824,874,136,285,370,335,207,136,88,1698
0801903012,993,961,127,318,420,352,278,174,165,1954
0801903013,819,854,141,228,373,323,254,131,108,1673
0801903014,860,867,120,278,388,330,216,144,130,1727
0801903015,1396,1390,220,409,581,504,394,262,212,2786
0801903016,606,602,94,199,277,196,163,109,82,1208
0801903017,771,815,130,255,342,286,202,145,109,1586
0801903018,760,804,121,216,285,255,223,182,167,1564
0801903019,752,712,112,209,281,286,184,148,126,1464
0801903020,556,600,79,133,195,166,168,175,177,1156
0801903021,524,489,68,111,146,145,139,142,184,1013
0801903022,673,700,119,146,267,226,217,156,150,1373
0801903023,910,902,149,220,371,357,254,169,163,1812
0801903024,940,968,173,245,370,400,280,174,117,1908
0801903025,708,754,125,155,266,244,236,178,99,1462
0801903026,473,444,84,92,101,132,138,68,238,917
0801903027,819,782,190,208,150,230,344,171,216,1601
0801903028,1291,1266,365,270,288,497,445,202,229,2557
0801903029,581,585,109,148,164,181,225,173,72,1166
0801903030,768,687,114,210,209,203,260,212,147,1455
0801903031,1166,1112,234,241,260,323,358,390,313,2278
0801903032,832,805,174,156,280,293,211,200,160,1637
0801903033,686,725,148,190,210,238,206,132,154,1411
0801903034,747,688,116,188,191,200,230,260,152,1435
0801903035,1102,1033,158,260,248,314,300,386,329,2135
0801903036,1194,1112,259,248,293,384,381,282,302,2306
0801903037,498,464,84,141,109,98,213,185,91,962
0801903038,460,442,117,96,116,149,113,113,121,902
0801903039,1229,1148,276,291,384,410,342,202,221,2377
0801903040,736,891,238,245,202,158,225,244,238,1627
0801903041,687,635,106,197,218,192,218,126,178,1322
0801903042,649,653,107,184,217,219,201,142,160,1302
0801903043,752,699,95,190,250,217,199,185,228,1451
0801903044,919,876,138,249,321,308,288,177,191,1795
0801903045,525,516,84,110,192,204,151,97,121,1041
0801903046,718,628,62,159,235,178,147,243,241,1346
0801903047,846,827,106,233,358,284,221,196,165,1673
0801903048,683,600,73,172,243,189,138,222,175,1283
0801903049,844,749,112,183,332,258,174,172,241,1593
0801903050,769,778,82,197,329,272,203,181,168,1547
0801903051,931,917,167,257,369,317,273,153,153,1848
0801903052,669,617,104,187,271,213,180,100,107,1286
0801903053,1068,989,162,294,421,375,268,182,184,2057
0801903054,801,761,118,216,264,193,201,267,217,1562
0801903055,778,721,72,203,285,228,185,228,180,1499
0801903056,490,430,74,100,151,151,122,97,164,920
0801903057,721,671,88,151,241,203,172,227,221,1392
0801903058,855,768,138,158,283,280,236,208,164,1623
0801903059,566,540,103,118,184,173,166,123,159,1106
0801903060,646,645,94,129,173,215,199,192,201,1291
0801903061,511,471,62,123,179,176,150,95,119,982
0801903062,764,696,124,179,235,260,199,158,191,1460
0801903063,971,919,171,184,359,376,236,143,155,1890
0801903064,605,565,108,120,196,154,191,195,123,1170
0801903065,680,620,88,168,191,139,182,317,152,1300
0801903066,1161,1093,221,271,289,354,379,295,264,2254
0801903067,887,781,114,170,291,239,216,240,262,1668
0801903068,568,516,74,112,178,164,159,128,195,1084
0801903069,559,562,83,107,173,156,146,185,195,1121
0801903070,643,631,90,163,208,197,155,190,184,1274
0801903071,669,613,89,177,221,208,184,133,152,1282
0801903072,665,612,102,160,208,219,170,175,149,1277
0801903073,774,732,113,166,278,217,196,255,183,1506
0801903074,896,767,159,161,264,290,240,189,256,1663
0801903075,863,810,161,189,271,264,226,220,206,1673
0801903076,524,460,69,100,147,160,128,130,179,984
0801903077,677,591,105,170,200,190,168,160,188,1268
0801903078,853,782,118,225,288,284,220,202,174,1635
0801903079,911,812,163,230,302,290,236,208,172,1723
0801903080,794,646,102,192,219,216,205,202,204,1440
0801903081,930,849,150,249,264,254,275,252,225,1779
0801903082,945,832,145,223,283,292,252,228,238,1777
0801903083,684,618,70,153,215,208,151,221,185,1302
0801903084,704,605,91,125,187,205,146,183,274,1309
0801903085,664,592,73,129,239,203,162,157,166,1256
0801903086,608,567,79,131,174,135,134,203,245,1175
0801903087,730,657,117,153,170,214,217,145,259,1387
0801903088,683,622,87,165,217,207,146,172,201,1305
0801903089,600,524,79,127,182,156,142,162,198,1124
0801903090,479,426,77,138,116,98,171,140,121,905
0801903091,721,686,119,215,230,222,220,183,114,1407
0801903092,602,563,75,152,226,183,159,158,116,1165
0801903093,755,647,114,169,188,199,216,232,200,1402
0801903094,584,536,91,129,192,167,160,149,140,1120
0801903095,788,749,107,201,252,283,222,166,197,1537
0801903096,798,667,97,216,284,239,204,177,124,1465
0801903097,808,756,101,251,351,291,210,119,98,1564
0801903098,691,697,117,200,243,241,202,142,124,1388
0801903099,524,410,70,104,169,176,156,76,102,934
0801903100,667,551,94,139,223,253,149,120,141,1218
0801903101,1731,2541,301,765,1020,822,528,289,229,4272
0801903102,671,617,123,165,218,225,176,134,159,1288
0801903103,567,503,68,92,154,163,124,167,219,1070
0801903104,717,631,91,165,311,205,186,153,131,1348
0801903105,593,531,79,165,240,190,149,99,105,1124
0801903106,637,607,107,171,239,233,192,117,103,1244
0801903107,769,763,136,190,274,243,177,210,184,1532
0801903108,779,731,121,199,266,275,219,137,157,1510
0801903109,746,702,112,167,286,269,197,156,136,1448
0801903110,709,632,110,178,253,224,183,141,150,1341
0801903111,673,558,108,124,223,232,151,156,134,1231
0801903112,935,836,118,235,289,266,193,292,229,1771
0801903113,751,684,121,204,215,204,201,193,206,1435
0801903114,738,666,111,192,211,173,187,209,241,1404
0801903211,761,717,147,235,182,161,322,229,112,1478
0801903212,1163,1050,204,259,305,346,324,249,364,2213
0801903213,1164,1135,223,346,312,357,361,277,240,2299
0801904001,621,589,85,158,221,182,138,161,153,1210
0801904002,951,875,165,200,228,273,251,290,278,1826
0801904003,528,497,82,115,131,157,123,164,186,1025
0801904004,497,457,70,103,154,142,106,183,136,954
0801904005,609,544,89,123,158,163,163,157,207,1153
0801904006,575,492,87,116,151,149,147,133,195,1067
0801904007,509,439,67,97,137,148,135,112,171,948
0801904008,499,442,66,116,151,140,119,129,145,941
0801904009,744,671,94,177,238,213,188,199,188,1415
0801904010,463,389,75,97,117,114,113,121,142,852
0801904011,878,774,154,131,199,270,157,225,357,1652
0801904012,671,620,80,154,173,144,153,271,234,1291
0801904013,613,535,91,149,152,152,167,184,177,1148
0801904014,370,344,56,75,87,88,110,115,127,714
0801904015,957,815,134,209,271,248,258,306,208,1772
0801904016,522,485,59,111,153,154,131,150,173,1007
0801904017,605,511,105,92,181,169,133,138,201,1116
0801904018,739,645,135,167,179,184,204,180,225,1384
0801904019,669,616,141,152,146,192,197,156,188,1285
0801904020,751,648,157,160,176,200,221,153,217,1399
0801904021,672,557,105,155,165,187,180,113,211,1229
0801904022,830,759,147,221,270,224,186,182,245,1589
0801904023,528,487,132,115,106,131,143,119,185,1015
0801904024,524,460,121,105,82,127,126,148,199,984
0801904025,589,497,112,116,158,172,180,118,139,1086
0801904026,627,521,93,116,155,181,167,146,197,1148
0801904027,666,602,113,152,200,205,175,154,145,1268
0801904028,617,554,93,123,181,190,153,129,179,1171
0801904029,591,491,89,92,126,173,116,161,231,1082
0801904030,907,769,168,140,194,279,179,204,349,1676
0801904031,907,883,146,211,299,295,233,227,233,1790
0801904032,798,664,102,162,231,208,197,230,214,1462
0801904033,578,492,92,104,161,165,129,135,192,1070
0801904034,739,676,129,138,145,197,168,192,349,1415
0801904035,698,593,97,98,162,219,158,186,267,1291
0801904036,846,729,157,174,232,254,201,174,233,1575
0801904037,1111,946,179,257,273,289,286,265,353,2057
0801904038,630,538,87,107,163,166,138,167,251,1168
0801904039,572,504,102,110,182,173,149,136,130,1076
0801904040,760,747,155,194,257,269,215,109,155,1507
0801904041,642,584,89,154,203,200,182,130,182,1226
0801904042,903,783,93,232,279,240,198,253,276,1686
0801904043,827,703,123,155,161,200,192,250,335,1530
0801904044,797,727,117,196,222,221,195,241,214,1524
0801904045,690,614,119,137,201,192,170,145,227,1304
0801904046,1211,1110,229,211,262,303,266,349,528,2321
0801904047,929,846,145,203,211,247,254,276,265,1775
0801904048,734,668,103,165,188,187,190,203,259,1402
0801904049,601,507,133,147,122,165,136,136,162,1108
0801904050,1011,906,235,174,157,312,291,195,366,1917
0801904051,800,687,198,174,141,243,244,144,190,1487
0801904052,1134,922,282,233,166,298,295,227,394,2056
0801904053,832,787,195,258,290,222,186,165,155,1619
0801904054,511,443,119,103,85,131,122,128,182,954
0801904055,728,667,221,174,114,192,196,146,230,1395
0801904056,819,784,238,222,151,239,250,194,163,1603
0801904084,679,604,148,119,130,205,166,134,273,1283
0801905001,876,907,223,207,216,338,323,183,102,1783
0801905002,790,753,230,145,148,229,240,209,193,1543
0801905003,680,658,160,152,144,199,223,178,113,1338
0801905004,509,456,126,137,95,112,142,106,127,965
0801905005,537,581,187,176,117,152,170,116,102,1118
0801905006,863,852,302,231,119,248,270,183,196,1715
0801905007,832,925,197,182,209,291,301,203,202,1757
0801905008,832,746,224,174,171,261,234,150,180,1578
0801905009,846,726,189,194,202,233,240,156,202,1572
0801905010,751,682,196,142,122,279,182,143,207,1433
0801905011,718,620,162,147,179,211,187,172,143,1338
0801905012,693,598,169,146,133,209,222,123,165,1291
0801905013,825,761,193,173,208,240,231,179,200,1586
0801905014,779,698,171,153,173,242,158,186,221,1477
0801905015,782,679,222,139,174,233,194,159,160,1461
0801905016,964,808,229,178,222,289,248,186,154,1772
0801905017,772,672,204,156,171,188,219,182,198,1444
0801905018,618,557,131,139,116,196,168,125,160,1175
0801905019,863,719,222,164,143,236,221,201,231,1582
0801905020,566,465,102,139,131,148,162,127,143,1031
0801905021,610,553,164,124,109,162,183,135,161,1163
0801905022,821,731,171,182,200,207,200,183,237,1552
0801905023,753,621,153,147,205,211,178,142,189,1374
0801905024,970,839,265,220,167,252,261,206,253,1809
0801905025,641,586,159,170,122,161,181,154,161,1227
0801905026,703,658,200,180,110,197,227,130,174,1361
0801905027,688,620,208,180,99,181,200,133,173,1308
0801905028,796,818,248,166,160,237,294,173,176,1614
0801905029,795,753,244,215,118,201,247,176,178,1548
0801905030,706,614,232,162,112,181,197,139,170,1320
0801905031,790,699,227,238,121,193,217,160,207,1489
0801905032,907,815,232,238,143,253,260,207,225,1722
0801905033,734,651,219,139,127,258,184,122,176,1385
0801905034,605,572,218,129,117,175,180,153,120,1177
0801905035,503,478,143,109,82,97,145,128,230,981
0801905036,884,786,258,210,133,202,277,198,232,1670
0801905037,743,601,192,149,153,214,161,153,187,1344
0801905038,697,583,123,171,214,188,166,149,168,1280
0801905039,782,688,203,165,144,206,177,180,237,1470
0801905040,761,629,154,188,175,228,212,145,148,1390
0801905041,967,912,138,264,311,299,270,228,194,1879
0801905042,617,566,111,148,180,182,158,137,147,1183
0801905043,753,623,148,192,207,173,221,148,168,1376
0801905044,658,560,118,169,174,199,155,141,123,1218
0801905045,814,693,238,178,157,224,221,151,187,1507
0801905046,540,443,115,122,94,124,137,116,189,983
0801905047,630,505,192,120,127,142,184,134,130,1135
0801905048,652,507,147,173,120,141,175,137,166,1159
0801905049,852,691,184,236,160,204,232,182,200,1543
0801905050,821,728,161,228,212,216,219,185,188,1549
0801905051,809,726,245,195,159,203,259,167,199,1535
0801905052,754,618,188,196,139,149,210,170,204,1372
0801905053,758,670,199,192,133,167,193,213,212,1428
0801905054,544,443,116,150,88,109,170,135,132,987
0801905055,699,619,195,181,119,147,231,150,182,1318
0801905056,669,486,135,104,136,165,181,136,191,1155
0801905057,817,719,169,217,151,183,239,199,280,1536
0801905058,796,700,216,173,131,185,282,176,199,1496
0801905059,824,659,168,169,200,195,241,190,202,1483
0801905060,607,490,145,149,109,140,181,135,131,1097
0801905061,779,619,86,200,256,201,211,184,161,1398
0801905062,847,671,183,198,202,212,248,173,165,1518
0801905063,789,669,148,198,192,205,227,174,191,1458
0801905064,782,647,151,208,207,217,202,173,162,1429
0801905065,837,731,179,213,239,231,221,149,197,1568
0801905066,678,566,124,201,148,163,184,151,180,1244
0801905067,655,570,126,174,135,184,173,140,176,1225
0801905068,770,700,159,192,229,215,213,181,145,1470
0801905069,842,796,179,196,247,251,263,170,175,1638
0801905070,749,621,146,176,185,206,196,151,181,1370
0801905071,844,714,146,205,248,262,224,175,166,1558
0801905072,872,723,169,184,185,227,245,197,242,1595
0801905073,805,708,133,199,217,221,223,187,206,1513
0801905074,843,692,195,196,165,230,229,199,199,1535
0801905075,954,773,200,246,223,241,240,175,238,1727
0801905076,709,607,127,160,185,189,175,146,193,1316
0801905077,756,635,178,244,150,162,216,180,133,1391
0801905078,1073,953,277,263,216,294,316,207,232,2026
0801905079,625,519,121,164,147,145,180,152,142,1144
0801905080,683,594,125,173,193,184,196,138,155,1277
0801905081,825,697,160,191,226,215,221,160,195,1522
0801905082,829,718,151,220,269,238,200,167,175,1547
0801905083,667,577,122,149,211,186,171,147,160,1244
0801905084,695,601,127,168,205,195,176,154,162,1296
0801905085,666,596,130,152,212,211,176,120,136,1262
0801905086,667,601,123,148,209,200,173,145,147,1268
0801905087,828,691,145,208,249,212,210,173,190,1519
0801905088,871,845,178,283,256,213,244,207,210,1716
0801905089,910,826,179,224,246,255,229,225,201,1736
0801905090,951,836,169,190,298,287,250,207,228,1787
0801905091,825,695,163,179,200,235,219,176,224,1520
0801905092,803,687,178,200,192,210,208,213,175,1490
0801905093,579,465,110,138,127,161,157,117,141,1044
0801905094,1430,1180,338,329,283,374,392,296,359,2610
0801905095,868,729,177,187,231,222,234,177,221,1597
0801905096,584,480,99,125,160,172,162,108,143,1064
0801905097,815,766,189,177,199,243,253,143,214,1581
0801905098,792,681,129,184,223,220,203,199,194,1473
0801906001,591,492,89,123,214,191,140,110,110,1083
0801906002,767,648,124,192,218,206,191,155,206,1415
0801906003,1125,1060,173,255,408,395,255,236,261,2185
0801906004,671,652,113,132,226,197,189,165,196,1323
0801906006,498,479,103,108,123,141,154,131,136,977
0801906007,1000,914,217,221,255,340,292,211,209,1914
0801906008,984,862,188,214,322,269,271,219,227,1846
0801906009,645,583,170,115,118,203,211,124,191,1228
0801906010,508,468,90,106,113,162,134,126,167,976
0801906011,631,596,151,149,125,200,195,136,195,1227
0801906012,574,527,123,112,123,182,156,112,201,1101
0801906013,911,812,146,228,285,290,252,183,217,1723
0801906014,743,620,122,147,176,220,176,174,246,1363
0801906015,734,657,122,157,223,245,201,165,154,1391
0801906016,814,708,140,192,217,304,218,176,144,1522
0801906017,705,647,153,136,184,257,204,149,162,1352
0801906018,653,609,88,123,246,226,169,154,147,1262
0801906019,732,696,123,181,229,253,194,163,168,1428
0801906020,595,518,94,116,213,173,141,122,158,1113
0801906021,683,616,149,151,171,182,149,163,217,1299
0801906022,638,664,172,142,177,206,183,143,182,1302
0801906023,665,573,109,103,146,171,135,200,276,1238
0801906024,842,733,139,170,224,262,189,171,251,1575
0801906025,727,607,128,124,179,223,187,153,216,1334
0801906026,532,450,77,116,185,152,111,108,164,982
0801906027,632,520,108,135,153,191,153,130,186,1152
0801906028,644,617,90,164,233,248,152,125,146,1261
0801906029,635,590,69,138,250,199,132,173,185,1225
0801906030,657,602,76,164,258,257,144,135,119,1259
0801906031,582,469,52,135,193,210,154,108,129,1051
0801906032,612,512,73,133,219,191,130,127,146,1124
0801906033,656,544,81,165,245,194,138,153,142,1200
0801906034,591,521,81,148,218,177,155,110,143,1112
0801906035,538,493,70,111,169,156,148,149,148,1031
0801906036,687,598,106,171,212,172,171,143,198,1285
0801906037,531,509,105,148,142,176,137,94,123,1040
0801906038,800,618,108,185,276,236,187,136,163,1418
0801906039,816,675,80,217,360,276,177,136,122,1491
0801906040,856,680,116,231,311,206,190,167,195,1536
0801906041,879,773,163,251,257,249,224,174,181,1652
0801906042,855,759,169,230,293,275,217,141,155,1614
0801906043,645,590,113,178,235,209,151,118,135,1235
0801906044,794,732,138,236,280,246,189,157,155,1526
0801906045,645,582,91,171,304,198,153,107,107,1227
0801906046,581,508,82,158,256,193,118,109,103,1089
0801906047,633,525,74,180,276,205,143,124,81,1158
0801906048,707,634,83,206,342,225,163,104,133,1341
0801906049,583,467,91,140,205,178,131,115,108,1050
0801906050,638,597,88,183,291,232,126,116,101,1235
0801906051,622,517,109,164,230,190,152,105,114,1139
0801906052,768,659,96,187,270,240,192,164,164,1427
0801906053,768,655,92,195,279,238,192,133,152,1423
0801906054,777,759,114,180,342,293,189,150,140,1536
0801906055,695,603,82,187,257,216,199,143,109,1298
0801906056,810,710,114,231,382,298,181,110,98,1520
0801906057,797,667,109,178,358,265,183,118,154,1464
0801906058,887,726,86,267,374,276,211,132,153,1613
0801906059,722,686,95,190,285,232,197,160,150,1408
0801906060,870,778,115,226,329,287,246,149,177,1648
0801906061,627,589,78,164,230,215,172,147,137,1216
0801906062,647,558,102,133,229,192,164,134,157,1205
0801906063,767,651,116,173,283,280,176,143,140,1418
0801906064,970,853,148,225,309,287,235,219,256,1823
0801906065,565,507,92,118,173,153,144,165,153,1072
0801906066,517,417,65,92,181,159,117,112,136,934
0801906067,889,788,116,197,329,306,229,185,190,1677
0801906068,819,656,127,200,257,253,185,152,175,1475
0801906069,527,465,62,133,189,146,145,111,135,992
0801906070,975,802,136,221,349,280,235,213,211,1777
0801906071,521,473,65,157,158,114,160,146,136,994
0801906072,813,736,121,173,232,241,185,219,258,1549
0801906073,672,586,96,155,213,182,160,193,197,1258
0801906074,543,508,108,126,189,165,145,131,108,1051
0801906075,530,472,78,89,134,160,107,142,214,1002
0801906076,658,593,99,133,180,186,144,135,262,1251
0801906077,614,518,97,156,211,189,151,117,126,1132
0801906078,662,567,98,154,283,198,173,129,119,1229
0801906079,580,473,74,117,196,185,126,117,149,1053
0801906080,586,506,102,108,148,174,165,134,185,1092
0801906081,670,563,94,133,233,196,150,187,141,1233
0801906082,1351,1381,195,481,481,463,423,263,211,2732
0801906083,803,767,105,155,246,240,230,195,270,1570
0801906084,754,617,109,158,236,220,229,128,169,1371
0801906085,663,557,106,137,181,194,160,132,210,1220
0801906086,493,432,81,106,129,130,119,136,165,925
0801906087,938,820,117,141,240,267,158,280,402,1758
0801906088,662,539,94,140,195,152,173,143,209,1201
0801907001,737,647,88,138,189,194,203,195,261,1384
0801907002,573,475,72,103,148,208,143,130,170,1048
0801907003,662,593,127,166,199,209,139,173,137,1255
0801907004,784,679,104,203,237,246,199,175,188,1463
0801907005,713,654,110,150,253,228,206,167,152,1367
0801907006,474,440,67,89,116,141,124,152,175,914
0801907007,632,576,88,155,175,208,183,116,200,1208
0801907008,660,633,85,136,195,168,156,204,248,1293
0801907009,642,519,76,204,207,191,160,128,126,1161
0801907010,637,600,94,191,186,178,193,180,117,1237
0801907011,584,517,67,168,238,172,132,104,161,1101
0801907012,798,681,107,157,260,267,166,180,215,1479
0801907013,604,538,73,132,154,136,181,232,172,1142
0801907014,408,380,58,99,148,119,129,100,91,788
0801907015,690,631,113,147,198,184,205,171,200,1321
0801907016,657,650,117,149,182,182,181,190,203,1307
0801907017,855,741,158,178,256,281,254,167,162,1596
0801907018,824,737,136,189,255,270,225,174,166,1561
0801907019,723,697,126,161,216,253,187,166,206,1420
0801907020,857,771,144,192,287,282,202,170,198,1628
0801907021,529,501,93,98,156,148,134,163,156,1030
0801907022,584,534,101,122,162,185,167,149,152,1118
0801907023,631,633,118,174,189,219,207,129,143,1264
0801907024,746,666,105,186,235,215,229,161,164,1412
0801907025,720,657,124,163,243,235,204,159,139,1377
0801907026,552,498,85,82,179,170,140,120,182,1050
0801907027,1065,950,218,247,262,355,301,204,222,2015
0801907028,736,703,143,161,228,261,221,170,134,1439
0801907029,646,601,108,148,196,186,170,139,209,1247
0801907030,716,587,123,150,193,236,166,137,185,1303
0801907031,764,738,127,171,244,296,209,151,175,1502
0801907032,703,670,116,183,221,237,182,165,161,1373
0801907033,717,640,127,135,195,236,199,170,204,1357
0801907034,918,817,179,184,249,309,270,183,201,1735
0801907035,884,778,151,198,234,265,222,231,227,1662
0801907036,717,626,103,150,204,194,209,191,186,1343
0801907037,734,666,114,166,202,230,206,186,194,1400
0801907038,633,583,96,155,151,185,175,139,232,1216
0801907039,806,726,139,226,262,231,255,189,138,1532
0801907040,762,653,91,178,262,247,201,137,173,1415
0801907041,722,592,110,162,226,261,170,153,134,1314
0801907042,780,651,91,160,252,269,193,175,171,1431
0801907043,718,630,131,151,219,229,203,145,173,1348
0801907044,641,578,92,137,171,194,182,182,192,1219
0801907045,755,736,131,184,229,229,240,144,209,1491
0801907046,700,603,96,145,206,221,163,132,228,1303
0801907047,718,664,108,144,210,241,226,168,185,1382
0801907048,670,588,109,144,188,198,202,144,167,1258
0801907049,589,552,93,117,157,187,160,158,198,1141
0801907050,596,542,94,135,195,192,179,129,125,1138
0801907051,934,808,156,219,268,304,252,170,203,1742
0801907052,586,586,122,93,138,213,159,128,200,1172
0801907053,738,684,146,135,180,244,211,176,231,1422
0801907054,806,763,182,170,180,235,255,187,227,1569
0801907055,610,530,131,122,107,177,164,146,195,1140
0801907056,580,559,122,119,138,202,175,147,152,1139
0801907057,721,666,143,159,162,226,202,207,189,1387
0801907058,673,635,139,131,144,207,202,195,194,1308
0801907059,629,618,110,129,209,207,194,133,174,1247
0801907060,909,901,165,205,310,292,283,203,221,1810
0801907061,588,573,134,115,141,192,169,158,168,1161
0801907062,687,648,116,141,206,243,179,159,157,1335
0801907063,728,680,137,151,194,219,216,173,184,1408
0801907064,857,773,175,197,235,275,251,165,215,1630
0801907065,898,753,161,203,254,294,218,178,205,1651
0801907066,862,812,145,214,232,295,245,191,215,1674
0801907067,785,723,154,194,228,272,232,125,181,1508
0801907068,681,591,122,159,216,222,164,123,160,1272
0801907069,730,663,119,184,179,230,222,140,215,1393
0801907070,726,649,126,209,178,209,209,157,175,1375
0801907071,669,609,110,135,159,186,191,162,240,1278
0801907072,694,611,130,162,168,248,187,134,187,1305
0801907073,572,513,91,108,164,171,139,130,196,1085
0801907074,799,777,157,189,184,282,278,168,196,1576
0801907075,579,558,96,132,161,194,157,122,189,1137
0801907076,694,641,145,141,184,237,196,122,210,1335
0801907077,644,627,128,141,170,225,233,117,168,1271
0801907078,681,651,122,128,214,253,177,140,178,1332
0801907079,724,644,129,167,203,221,184,139,234,1368
0801907080,919,822,189,191,239,363,223,156,212,1741
0801907081,951,888,161,236,257,259,302,265,251,1839
0801907082,609,577,107,163,157,204,199,111,168,1186
0801907083,678,618,107,154,181,246,167,140,204,1296
0801907084,640,668,111,164,192,237,193,135,159,1308
0801907085,629,599,138,162,168,193,207,149,131,1228
0801907086,739,689,134,164,245,232,199,167,165,1428
0801907087,831,709,127,163,219,277,208,175,231,1540
0801907088,861,791,169,204,262,276,284,138,160,1652
0801907089,704,591,114,157,181,198,184,151,207,1295
0801907090,705,699,144,143,197,241,209,133,187,1404
0801907091,626,550,120,136,161,194,201,122,153,1176
0801907092,743,586,100,198,205,209,217,107,172,1329
0801907093,807,813,230,176,220,200,258,178,241,1620
0801907094,578,526,95,119,171,172,211,99,143,1104
0801907095,716,670,152,183,223,204,259,138,132,1386
0801907096,711,606,127,169,172,202,283,125,149,1317
0801907097,378,335,62,52,85,115,125,81,136,713
0801907098,1074,981,203,220,226,342,330,246,282,2055
0801907099,516,494,70,117,132,104,175,247,116,1010
0801907100,596,517,72,109,123,175,150,127,271,1113
0801907101,718,634,102,144,149,211,202,129,321,1352
0801907102,306,341,53,59,121,140,104,43,46,647
0801907103,755,697,122,263,198,199,215,172,162,1452
0801907104,785,708,158,133,197,243,237,145,247,1493
0801907105,514,464,82,97,114,141,148,159,168,978
0801907106,566,500,125,90,140,184,163,142,136,1066
0801907107,583,534,115,109,134,176,180,127,199,1117
0801907108,626,560,97,127,145,182,199,135,204,1186
0801907109,842,760,152,155,220,267,236,168,284,1602
0801907110,488,405,84,89,94,132,143,112,175,893
0801907111,452,359,79,60,74,118,120,88,211,811
0801907112,648,581,133,123,154,168,224,184,161,1229
0801907113,562,543,119,118,152,210,182,125,103,1105
0801907114,605,532,100,121,156,181,179,142,161,1137
0801907115,542,470,105,99,119,160,162,130,155,1012
0801907116,787,661,163,103,193,251,217,167,221,1448
0801907117,1282,1450,195,469,585,503,333,244,160,2732
0801907118,631,538,129,108,161,179,182,148,161,1169
0801907119,654,590,107,154,209,186,200,121,152,1244
0801907120,624,531,88,117,155,172,175,155,207,1155
0801907121,582,503,84,128,130,176,165,125,199,1085
0801907122,627,556,101,111,159,189,192,132,195,1183
0801907123,697,651,150,155,156,212,194,174,208,1348
0801908001,641,564,94,124,156,185,169,192,203,1205
0801908002,620,556,125,137,119,195,197,126,191,1176
0801908003,596,538,95,123,151,143,182,159,196,1134
0801908004,754,629,116,152,219,227,184,147,209,1383
0801908005,554,512,99,122,109,161,170,176,165,1066
0801908006,830,736,171,176,228,264,209,185,208,1566
0801908007,563,513,91,100,130,184,129,157,208,1076
0801908008,818,734,143,172,180,254,241,226,223,1552
0801908009,865,834,158,205,279,304,273,197,154,1699
0801908010,535,491,82,117,136,159,187,132,142,1026
0801908011,584,522,129,126,108,187,198,138,155,1106
0801908012,660,556,108,132,161,200,226,150,154,1216
0801908013,585,511,100,114,135,172,156,146,187,1096
0801908014,618,557,125,150,166,209,177,136,130,1175
0801908015,707,582,116,157,194,211,207,138,171,1289
0801908016,580,481,93,118,140,188,134,104,185,1061
0801908017,665,628,107,125,171,198,163,202,230,1293
0801908018,740,661,109,169,193,202,202,230,199,1401
0801908019,921,826,150,206,279,271,265,205,230,1747
0801908020,666,613,107,136,216,222,203,126,171,1279
0801908021,748,626,119,144,163,238,230,152,223,1374
0801908022,601,540,86,120,174,154,172,185,167,1141
0801908023,678,622,122,156,195,231,221,120,140,1300
0801908024,689,584,117,141,172,206,199,146,199,1273
0801908025,628,501,106,122,178,208,167,97,149,1129
0801908026,673,588,127,122,142,266,185,142,170,1261
0801908027,673,663,121,106,182,255,173,138,233,1336
0801908028,558,469,71,91,123,172,136,121,236,1027
0801908029,745,666,180,134,148,253,265,155,156,1411
0801908030,732,669,146,161,181,270,208,121,197,1401
0801908031,646,562,120,114,120,202,179,138,245,1208
0801908032,648,563,107,115,150,182,167,197,209,1211
0801908033,740,678,143,150,177,254,226,179,171,1418
0801908034,638,480,110,142,171,176,168,98,155,1118
0801908035,2022,2321,235,858,987,767,578,327,271,4343
0801908036,785,646,140,171,200,256,234,133,189,1431
0801908037,780,645,132,166,181,262,227,122,234,1425
0801908038,817,719,163,194,219,276,247,156,137,1536
0801908039,738,690,145,146,226,245,220,140,183,1428
0801908040,934,857,189,211,317,288,262,191,131,1791
0801908041,1217,1200,316,339,378,412,333,223,130,2417
0801908042,632,494,93,105,124,163,182,118,255,1126
0801908043,562,471,98,141,110,134,190,161,126,1033
0801908044,650,599,101,166,207,204,191,142,105,1249
0801908045,828,815,157,235,264,263,253,203,120,1643
0801908046,699,610,111,177,221,223,212,130,109,1309
0801908047,792,702,163,207,272,235,213,139,99,1494
0801908048,468,449,90,112,106,119,164,139,110,917
0801908049,585,556,147,115,152,186,204,126,141,1141
0801908050,692,617,85,114,155,174,173,204,295,1309
0801908051,677,633,201,92,97,296,229,114,184,1310
0801908052,462,378,76,71,95,141,125,84,174,840
0801908053,553,486,104,90,91,178,154,99,248,1039
0801908054,801,683,130,147,155,213,266,146,340,1484
0801908055,898,815,137,143,160,200,233,275,447,1713
0801908056,691,653,135,170,145,212,265,147,183,1344
0801908057,617,548,120,131,146,171,232,128,159,1165
0801908058,781,717,142,201,205,213,271,160,195,1498
0801908059,489,445,93,92,119,162,167,119,116,934
0801908060,604,524,95,101,127,159,142,197,228,1128
0801908061,800,762,154,156,155,273,256,208,240,1562
0801908062,570,512,91,109,106,137,162,213,217,1082
0801908063,524,488,79,82,80,129,129,223,245,1012
0801908064,898,826,167,174,212,257,278,243,246,1724
0801908065,842,884,221,222,290,285,244,129,136,1726
0801908066,784,756,196,214,227,236,222,147,132,1540
0801908067,916,854,202,234,228,289,272,199,199,1770
0801908068,943,869,197,240,265,310,249,150,220,1812
0801908069,783,724,159,206,211,240,221,166,187,1507
0801908070,740,690,153,149,234,257,184,123,165,1430
0801908071,855,810,167,216,245,264,234,185,208,1665
0801908072,598,527,120,135,135,173,148,132,190,1125
0801908073,836,806,163,231,284,279,213,199,118,1642
0801908074,753,725,170,181,196,278,219,126,148,1478
0801908075,971,827,185,223,218,331,282,189,232,1798
0801908076,827,675,110,150,197,262,205,152,291,1502
0801908077,719,647,161,162,174,212,206,189,152,1366
0801908078,772,705,140,174,228,250,237,174,157,1477
0801908079,714,641,136,184,200,251,216,108,135,1355
0801908080,761,700,144,182,195,262,211,142,203,1461
0801908081,808,761,199,186,238,281,239,129,135,1569
0801908082,821,681,124,214,226,234,220,150,229,1502
0801908083,650,590,122,142,203,206,160,129,177,1240
0801908084,555,464,102,94,121,164,162,118,189,1019
0801908085,750,704,155,199,197,251,218,153,162,1454
0801908086,852,734,154,167,214,285,218,152,265,1586
0801908087,609,529,131,112,139,217,151,148,164,1138
0801908088,632,568,124,124,184,197,189,112,181,1200
0801908089,624,540,107,133,175,187,182,120,169,1164
0801908090,590,551,120,126,161,201,150,100,192,1141
0801908091,580,536,87,135,141,177,174,120,221,1116
0801908092,490,456,82,86,110,117,145,145,201,946
0801908093,596,580,120,103,158,212,170,138,168,1176
0801908094,705,634,111,127,124,179,200,193,329,1339
0801908095,511,499,101,100,120,155,157,106,205,1010
0801908096,763,701,131,170,203,247,231,160,188,1464
0801908097,681,581,138,160,167,181,209,147,157,1262
0801908098,620,573,119,153,153,205,195,121,148,1193
0801908099,714,672,127,196,201,254,199,130,165,1386
0801908100,663,549,109,148,139,245,196,117,172,1212
0801908101,844,749,137,149,168,264,230,225,281,1593
0801908102,789,661,130,159,201,253,218,110,262,1450
0801908103,791,813,169,204,270,278,231,188,111,1604
0801908104,601,573,102,163,166,207,173,157,98,1174
0801908105,706,651,153,183,152,224,212,164,153,1357
0801908106,613,574,128,176,175,196,170,112,113,1187
0801908107,928,861,186,221,225,264,344,242,174,1789
0801908108,952,945,260,245,275,319,306,170,131,1897
0801908109,473,483,122,108,124,147,161,106,97,956
0801908110,969,964,230,305,300,316,247,145,131,1933
0801908111,823,783,165,248,226,263,217,125,170,1606
0801908112,826,837,200,216,250,267,220,144,187,1663
0801908113,905,841,211,240,240,291,222,123,219,1746
0801908114,977,949,217,240,246,348,247,173,247,1926
0801908115,824,829,176,224,233,250,246,144,186,1653
0801908116,675,677,183,138,164,276,177,151,127,1352
0801908215,858,654,181,147,213,245,177,158,202,1512
0801909001,1250,1420,325,416,380,476,359,205,170,2670
0801909002,1025,1076,226,300,332,329,303,192,181,2101
0801909003,1019,1104,230,288,329,365,270,172,237,2123
0801909004,801,818,181,213,227,259,253,143,188,1619
0801909005,785,786,168,185,223,319,226,153,139,1571
0801909006,624,609,149,150,156,189,193,162,120,1233
0801909007,663,627,142,165,164,245,191,144,99,1290
0801909008,924,933,403,123,141,516,306,91,72,1857
0801909009,713,639,191,116,127,261,200,108,228,1352
0801909010,877,858,169,211,182,264,273,259,250,1735
0801909011,778,767,159,211,186,232,239,169,204,1545
0801909013,992,953,237,255,283,314,300,185,135,1945
0801909014,1309,1621,249,528,551,504,424,226,237,2930
0801909015,912,880,214,217,238,342,296,156,176,1792
0801909016,641,591,102,126,150,155,205,250,173,1232
0801909017,761,702,165,190,161,273,236,160,162,1463
0801909018,711,674,158,113,171,225,228,167,205,1385
0801909019,1337,1287,250,221,321,476,344,471,270,2624
0801909020,569,494,81,99,123,179,150,130,226,1063
0801909021,726,635,132,127,187,218,206,170,214,1361
0801909022,622,578,106,118,155,214,149,176,166,1200
0801909023,580,591,109,104,166,202,164,171,141,1171
0801909024,606,509,113,108,162,187,161,128,163,1115
0801909025,622,556,113,112,157,237,174,138,138,1178
0801909026,757,673,117,119,196,207,207,242,237,1430
0801909027,648,604,87,125,164,170,162,240,228,1252
0801909028,789,753,302,120,76,356,304,136,135,1542
0801909029,544,497,75,88,123,178,150,148,201,1041
0801909030,737,659,178,114,116,312,232,137,169,1396
0801909031,559,568,219,94,73,223,216,103,117,1127
0801909032,1097,1004,278,175,301,430,323,178,148,2101
0801909033,1601,1522,265,312,479,529,486,358,426,3123
0801909034,709,636,130,118,152,232,186,197,250,1345
0801909035,791,718,122,167,182,253,204,224,238,1509
0801909036,694,625,104,127,145,193,197,235,234,1319
0801909037,766,796,170,217,187,262,212,182,218,1562
0801909038,901,779,166,141,230,300,224,219,222,1680
0801909039,758,692,121,142,184,230,235,235,198,1450
0801909040,814,721,157,153,209,306,231,161,165,1535
0801909041,706,612,143,125,169,234,191,155,195,1318
0801909042,652,542,90,106,169,239,188,129,173,1194
0801909043,669,610,110,128,173,239,187,137,203,1279
0801909044,742,721,127,156,212,273,191,183,186,1463
0801909045,724,617,120,138,160,251,192,159,201,1341
0801909046,654,617,100,111,181,225,156,194,179,1271
0801909047,780,711,158,147,258,257,224,175,159,1491
0801909048,682,598,106,127,165,188,189,192,215,1280
0801909049,669,577,105,148,179,186,162,163,208,1246
0801909050,734,696,123,134,224,236,190,207,204,1430
0801909051,605,606,105,135,179,199,175,149,164,1211
0801909052,607,552,96,104,186,194,146,155,176,1159
0801909053,813,736,124,155,213,275,181,197,257,1549
0801909054,519,479,73,116,134,152,150,142,154,998
0801909055,906,799,127,153,265,255,162,262,320,1705
0801909056,538,491,54,96,143,122,139,190,230,1029
0801909057,830,786,133,223,250,256,227,180,229,1616
0801909058,768,709,185,179,211,304,187,143,132,1477
0801909059,700,656,116,121,172,273,207,131,212,1356
0801909060,681,595,95,137,171,199,208,179,182,1276
0801909061,793,736,182,148,199,298,210,180,187,1529
0801909062,748,702,160,143,248,277,179,148,144,1450
0801909063,578,536,73,113,187,207,153,135,155,1114
0801909064,573,531,73,111,165,137,144,214,179,1104
0801909065,1086,924,150,230,261,313,260,314,323,2010
0801909066,709,654,95,153,182,243,186,195,188,1363
0801909067,769,661,99,171,234,239,203,163,196,1430
0801909068,738,717,130,153,191,231,236,207,193,1455
0801909069,455,395,84,94,120,136,131,83,133,850
0801909070,879,776,128,204,265,256,247,201,227,1655
0801909071,960,846,134,204,269,259,262,256,275,1806
0801909072,724,620,113,149,212,240,191,157,178,1344
0801909073,739,664,93,158,213,156,205,298,209,1403
0801909074,774,749,137,183,221,286,237,146,172,1523
0801909075,728,720,139,161,219,235,215,196,156,1448
0801909076,673,633,116,136,212,223,237,169,94,1306
0801909077,776,701,139,166,226,255,233,182,148,1477
0801909078,722,650,118,191,180,207,256,150,174,1372
0801909079,805,734,126,188,217,247,237,190,228,1539
0801909080,641,615,112,129,187,219,164,165,196,1256
0801909081,871,776,159,172,242,273,255,182,242,1647
0801909082,976,907,165,216,292,345,312,220,160,1883
0801909083,827,730,142,169,213,249,229,192,220,1557
0801909084,834,772,119,180,252,269,223,222,211,1606
0801909085,878,828,142,212,270,265,285,174,214,1706
0801909086,748,663,154,177,182,252,211,142,207,1411
0801909087,636,607,98,140,199,183,164,165,201,1243
0801909088,996,827,149,190,287,273,277,192,315,1823
0801909089,746,638,108,167,189,209,210,163,223,1384
0801909090,766,683,103,167,204,236,194,190,250,1449
0801909091,950,826,133,225,252,263,260,250,261,1776
0801909092,920,881,165,213,238,255,286,253,282,1801
0801909093,637,581,111,131,187,160,202,172,182,1218
0801909094,990,905,178,213,300,263,326,199,301,1895
0801909095,1052,993,170,219,299,358,312,257,220,2045
0801909156,646,574,72,98,182,190,94,213,279,1220
0801910001,774,751,137,165,263,271,201,191,195,1525
0801910002,877,849,117,201,322,323,243,194,179,1726
0801910003,780,714,135,185,230,265,238,157,172,1494
0801910004,809,669,117,140,225,287,159,165,246,1478
0801910005,832,711,107,165,243,240,187,259,236,1543
0801910006,905,813,114,205,316,294,227,224,189,1718
0801910007,637,609,77,125,203,174,142,174,264,1246
0801910008,859,763,121,196,277,296,178,175,264,1622
0801910009,784,728,107,192,279,235,223,172,215,1512
0801910010,869,774,107,238,300,261,244,156,218,1643
0801910011,600,526,73,145,191,171,165,154,152,1126
0801910012,870,820,151,218,273,234,249,222,239,1690
0801910013,696,610,100,139,229,214,189,138,184,1306
0801910014,739,664,84,190,305,223,157,161,190,1403
0801910015,956,889,127,242,385,280,213,207,263,1845
0801910016,585,581,69,141,184,152,178,200,170,1166
0801910017,862,727,122,186,223,263,217,188,286,1589
0801910018,732,669,99,197,302,250,162,139,145,1401
0801910019,765,676,104,146,254,216,186,235,220,1441
0801910020,735,663,107,143,202,248,175,153,276,1398
0801910021,646,601,89,159,214,206,179,136,173,1247
0801910022,680,625,104,192,220,225,211,133,135,1305
0801910023,732,629,119,166,215,216,212,144,196,1361
0801910024,721,707,142,178,235,254,219,135,135,1428
0801910025,687,557,98,157,241,198,169,154,141,1244
0801910026,774,729,130,186,255,253,228,181,152,1503
0801910027,778,681,115,200,198,224,215,207,202,1459
0801910028,869,815,150,232,232,245,307,247,171,1684
0801910029,686,681,119,153,207,222,195,199,165,1367
0801910030,888,785,142,176,213,255,237,255,278,1673
0801910031,738,718,94,157,276,218,214,200,192,1456
0801910032,685,640,117,168,182,209,214,257,87,1325
0801910033,416,363,60,96,69,76,142,122,179,779
0801910034,831,764,149,150,192,234,214,237,297,1595
0801910035,963,933,289,187,185,326,348,222,225,1896
0801910036,703,696,177,194,181,225,286,143,74,1399
0801910037,514,478,88,136,185,159,139,102,95,992
0801910038,786,746,121,201,278,244,220,206,158,1532
0801910039,924,847,162,235,366,288,248,170,170,1771
0801910040,863,830,134,234,289,247,253,199,228,1693
0801910041,789,749,106,175,296,266,186,193,188,1538
0801910042,1618,1506,267,250,563,798,348,185,261,3124
0801910043,1182,1155,218,452,470,483,248,138,107,2337
0801910044,775,725,95,192,267,210,186,239,215,1500
0801910045,612,598,88,138,190,182,187,193,137,1210
0801910046,627,554,79,119,200,180,142,183,207,1181
0801910047,846,806,89,191,269,247,214,261,270,1652
0801910048,768,811,125,216,285,247,218,179,171,1579
0801910049,611,644,102,133,185,189,153,186,212,1255
0801910050,760,722,124,175,216,208,222,241,202,1482
0801910051,785,790,154,183,238,263,237,163,204,1575
0801910052,1192,1203,289,320,304,386,431,321,141,2395
0801910053,856,837,147,258,208,190,270,322,187,1693
0801910054,497,445,92,143,124,124,161,137,75,942
0801910055,1291,1289,295,410,246,326,434,401,277,2580
0801910056,868,894,136,214,378,392,232,133,99,1762
0801910057,669,688,101,121,268,307,194,121,111,1357
0801910058,544,552,86,94,222,254,143,100,88,1096
0801910059,881,833,141,184,337,345,253,140,145,1714
0801910060,808,824,153,188,343,325,260,113,101,1632
0801910061,852,789,145,156,194,292,249,227,231,1641
0801910062,742,708,151,163,186,244,276,146,168,1450
0801910063,550,573,90,123,155,170,160,199,138,1123
0801910064,822,761,137,194,314,282,226,165,120,1583
0801910065,760,733,169,141,224,286,223,184,143,1493
0801910066,1031,997,266,208,310,393,312,161,205,2028
0801910067,984,913,331,174,215,383,380,125,86,1897
0801910068,819,788,253,136,187,320,316,124,108,1607
0801910069,1400,1294,372,200,371,656,371,215,158,2694
0801910070,839,746,139,207,278,299,237,164,146,1585
0801910071,894,855,172,199,222,260,313,272,167,1749
0801910072,977,1009,207,200,319,379,311,191,167,1986
0801910073,711,679,118,144,186,230,175,176,256,1390
0801910074,808,793,156,189,279,311,224,161,156,1601
0801910075,747,732,126,177,260,204,237,184,173,1479
0801910076,1153,1090,157,129,524,710,160,102,78,2243
0801910077,877,912,272,156,229,319,377,159,101,1789
0801910078,1205,1174,371,211,252,497,442,209,130,2379
0801910079,840,834,210,174,188,240,344,230,178,1674
0801910080,1150,1108,311,183,306,422,352,224,148,2258
0801910081,1020,1060,220,281,336,374,306,198,177,2080
0801910082,910,981,236,287,341,306,245,133,108,1891
0801910083,949,1195,320,312,366,387,248,140,89,2144
0801910084,761,821,168,213,270,278,234,171,118,1582
0801910085,959,1047,246,277,339,339,287,132,158,2006
0801910086,903,948,249,226,287,329,279,191,138,1851
0801910087,824,857,192,205,263,283,291,153,124,1681
0801910088,808,797,150,194,205,199,274,277,205,1605
0801910089,1751,2978,388,868,1119,900,543,329,185,4729
0801910090,705,692,146,162,220,227,225,171,115,1397
0801910091,927,947,185,194,268,293,294,246,256,1874
0801910092,745,663,66,140,193,134,164,421,208,1408
0801910093,538,520,65,95,151,140,103,260,181,1058
0801910094,1494,1526,262,280,601,772,354,193,132,3020
0801910095,642,645,123,129,210,259,198,133,108,1287
0801910096,852,749,203,193,234,302,264,146,111,1601
0801910097,775,700,200,136,196,285,273,100,155,1475
0801910098,898,830,129,269,194,183,387,286,179,1728
0801910099,559,522,128,140,111,152,204,146,107,1081
0801910100,842,756,172,154,264,307,183,143,226,1598
0801910101,824,850,162,192,315,316,207,111,164,1674
0801910102,1288,1204,220,262,354,402,381,324,354,2492
0801910103,1059,981,157,218,270,281,285,321,371,2040
0801910104,799,720,108,172,214,146,217,457,131,1519
0801910105,1103,977,190,265,245,280,409,281,266,2080
0801910106,501,445,91,83,122,140,155,108,183,946
0801910107,745,696,146,148,210,211,220,224,167,1441
0801910108,656,579,87,111,140,200,157,121,338,1235
0801910109,801,734,135,153,216,268,225,136,277,1535
0801910110,843,710,164,177,209,284,242,157,212,1553
0801910111,628,601,109,141,182,186,172,167,179,1229
0801910112,746,707,124,113,186,183,156,307,271,1453
0801910113,564,556,122,132,147,248,189,123,84,1120
0801910114,724,715,153,169,243,255,219,139,140,1439
0801910115,712,647,104,145,196,223,231,149,212,1359
0801910116,918,779,131,158,247,300,255,157,299,1697
0801910117,625,561,113,103,133,193,179,118,276,1186
0801910118,478,442,100,91,81,148,143,87,197,920
0801910119,570,501,88,105,144,197,183,90,185,1071
0801910120,685,604,114,203,173,216,226,145,119,1289
0801910121,785,749,123,170,235,279,232,174,174,1534
0801910122,737,672,125,153,174,170,205,271,229,1409
0801910123,661,643,124,130,145,202,196,169,250,1304
0801910124,556,515,93,107,148,153,123,212,154,1071
0801910125,547,509,82,109,125,174,148,108,228,1056
0801910126,503,459,88,94,101,126,134,200,167,962
0801910127,511,504,127,91,121,221,150,107,113,1015
0801910128,799,693,110,139,185,210,201,242,305,1492
0801910129,572,531,80,128,117,131,176,248,165,1103
0801910130,579,556,88,117,162,199,166,130,179,1135
0801910131,537,493,71,103,111,116,153,234,197,1030
0801910132,621,569,120,125,142,207,164,113,217,1190
0801910133,836,762,135,173,212,241,210,170,337,1598
0801910134,769,638,130,159,190,239,245,115,219,1407
0801910135,618,573,111,114,141,182,168,129,229,1191
0801910136,680,609,130,139,141,181,187,125,303,1289
0801910137,788,724,139,148,177,274,213,163,290,1512
0801910138,795,743,169,179,237,279,228,153,166,1538
0801910139,823,763,127,190,228,273,243,153,244,1586
0801910140,771,760,156,215,190,240,255,186,179,1531
0801910141,546,515,108,112,122,183,180,110,157,1061
0801910142,755,760,135,165,208,250,257,190,168,1515
0801910143,893,816,157,240,242,237,277,188,225,1709
0801910234,942,793,121,187,254,213,223,361,264,1735
0801910235,644,578,114,75,175,214,172,143,257,1222
0801910236,771,701,102,124,227,233,198,124,370,1472
0801910237,462,375,84,94,129,150,128,77,110,837
