census_section,non_spanish_population
0801901001,603
0801901002,764
0801901003,1584
0801901004,1494
0801901005,1123
0801901006,910
0801901007,1107
0801901008,1787
0801901009,1068
0801901010,1373
0801901011,1722
0801901012,950
0801901013,662
0801901014,858
0801901015,1270
0801901016,1105
0801901017,1429
0801901018,710
0801901019,1582
0801901020,1137
0801901021,1088
0801901022,1046
0801901023,977
0801901025,752
0801901026,10973
0801901027,771
0801901028,1051
0801901029,893
0801901030,1264
0801901031,890
0801901032,823
0801901033,522
0801901034,485
0801901035,575
0801901036,345
0801901037,440
0801901038,787
0801901039,529
0801901040,524
0801901041,796
0801901042,454
0801901043,741
0801901044,646
0801901045,1070
0801901046,1079
0801901047,874
0801901048,1009
0801901049,763
0801901050,857
0801901051,898
0801901052,1072
0801901053,755
0801901054,640
0801901055,420
0801902001,459
0801902002,4158
0801902003,282
0801902004,509
0801902005,465
0801902006,518
0801902007,302
0801902008,520
0801902009,514
0801902010,333
0801902011,268
0801902012,494
0801902013,373
0801902014,474
0801902015,515
0801902016,484
0801902017,524
0801902018,453
0801902019,527
0801902020,649
0801902021,444
0801902022,363
0801902023,173
0801902024,436
0801902025,333
0801902026,534
0801902027,575
0801902028,575
0801902029,272
0801902030,439
0801902031,220
0801902032,312
0801902033,318
0801902034,442
0801902035,348
0801902036,269
0801902037,187
0801902038,322
0801902039,585
0801902040,636
0801902041,449
0801902042,350
0801902043,345
0801902044,381
0801902045,262
0801902046,571
0801902047,524
0801902048,450
0801902049,760
0801902050,534
0801902051,703
0801902052,586
0801902053,577
0801902054,570
0801902055,458
0801902056,492
0801902057,254
0801902058,311
0801902059,484
0801902060,469
0801902061,425
0801902062,477
0801902063,337
0801902064,345
0801902065,543
0801902066,406
0801902067,584
0801902068,504
0801902069,372
0801902070,385
0801902071,432
0801902072,337
0801902073,532
0801902074,482
0801902075,429
0801902076,537
0801902077,839
0801902078,564
0801902079,602
0801902080,599
0801902081,728
0801902082,340
0801902083,690
0801902084,670
0801902085,522
0801902086,398
0801902087,336
0801902088,476
0801902089,619
0801902090,643
0801902091,1562
0801902092,674
0801902093,530
0801902094,501
0801902095,455
0801902096,471
0801902097,347
0801902098,488
0801902099,405
0801902100,318
0801902101,605
0801902102,251
0801902103,573
0801902104,261
0801902105,676
0801902106,371
0801902107,320
0801902108,321
0801902109,454
0801902110,497
0801902111,498
0801902112,221
0801902113,455
0801902114,349
0801902115,352
0801902116,105
0801902117,272
0801902118,283
0801902119,210
0801902120,231
0801902121,268
0801902122,177
0801902123,294
0801902124,193
0801902125,334
0801902126,265
0801902127,409
0801902128,357
0801902129,323
0801902130,117
0801902131,320
0801902132,207
0801902133,127
0801902134,345
0801902135,553
0801902136,201
0801902137,465
0801902138,471
0801902139,549
0801902140,448
0801902141,300
0801902142,553
0801902143,480
0801902144,489
0801902145,397
0801902146,344
0801902147,523
0801902148,398
0801902149,554
0801902150,522
0801902151,441
0801902152,304
0801902153,320
0801902154,378
0801902155,430
0801902156,270
0801902157,332
0801902158,468
0801902159,528
0801902160,491
0801902161,344
0801902162,400
0801902163,533
0801902164,586
0801902165,504
0801902166,654
0801902167,495
0801902168,661
0801902169,420
0801902170,383
0801902171,518
0801902172,415
0801902173,392
0801903001,484
0801903002,575
0801903003,613
0801903004,441
0801903005,393
0801903006,475
0801903007,533
0801903008,383
0801903009,374
0801903010,789
0801903011,775
0801903012,852
0801903013,772
0801903014,734
0801903015,1142
0801903016,491
0801903017,702
0801903018,582
0801903019,525
0801903020,359
0801903021,249
0801903022,452
0801903023,597
0801903024,692
0801903025,464
0801903026,155
0801903027,245
0801903028,595
0801903029,176
0801903030,325
0801903031,304
0801903032,386
0801903033,445
0801903034,295
0801903035,420
0801903036,413
0801903037,121
0801903038,95
0801903039,633
0801903040,601
0801903041,351
0801903042,355
0801903043,439
0801903044,519
0801903045,289
0801903046,272
0801903047,474
0801903048,333
0801903049,495
0801903050,483
0801903051,563
0801903052,416
0801903053,744
0801903054,412
0801903055,444
0801903056,283
0801903057,255
0801903058,338
0801903059,250
0801903060,202
0801903061,297
0801903062,345
0801903063,402
0801903064,741
0801903065,145
0801903066,424
0801903067,277
0801903068,252
0801903069,224
0801903070,318
0801903071,332
0801903072,306
0801903073,307
0801903074,361
0801903075,434
0801903076,220
0801903077,318
0801903078,541
0801903079,575
0801903080,329
0801903081,519
0801903082,381
0801903083,256
0801903084,228
0801903085,299
0801903086,167
0801903087,244
0801903088,252
0801903089,177
0801903090,153
0801903091,321
0801903092,269
0801903093,202
0801903094,207
0801903095,343
0801903096,390
0801903097,534
0801903098,388
0801903099,247
0801903100,321
0801903101,5333
0801903102,319
0801903103,137
0801903104,404
0801903105,350
0801903106,369
0801903107,522
0801903108,376
0801903109,330
0801903110,306
0801903111,254
0801903112,368
0801903113,278
0801903114,274
0801903211,267
0801903212,650
0801903213,630
0801904001,302
0801904002,295
0801904003,162
0801904004,169
0801904005,180
0801904006,192
0801904007,182
0801904008,214
0801904009,290
0801904010,118
0801904011,225
0801904012,154
0801904013,204
0801904014,122
0801904015,295
0801904016,170
0801904017,183
0801904018,255
0801904019,222
0801904020,197
0801904021,223
0801904022,448
0801904023,171
0801904024,90
0801904025,168
0801904026,194
0801904027,333
0801904028,253
0801904029,119
0801904030,230
0801904031,978
0801904032,263
0801904033,181
0801904034,135
0801904035,203
0801904036,386
0801904037,403
0801904038,172
0801904039,209
0801904040,422
0801904041,340
0801904042,339
0801904043,194
0801904044,326
0801904045,248
0801904046,262
0801904047,278
0801904048,211
0801904049,351
0801904050,236
0801904051,270
0801904052,341
0801904053,525
0801904054,219
0801904055,417
0801904056,719
0801904084,195
0801905001,388
0801905002,288
0801905003,213
0801905004,139
0801905005,360
0801905006,378
0801905007,571
0801905008,259
0801905009,270
0801905010,241
0801905011,246
0801905012,215
0801905013,267
0801905014,267
0801905015,248
0801905016,322
0801905017,199
0801905018,214
0801905019,184
0801905020,226
0801905021,276
0801905022,207
0801905023,238
0801905024,242
0801905025,165
0801905026,123
0801905027,148
0801905028,286
0801905029,200
0801905030,102
0801905031,246
0801905032,440
0801905033,247
0801905034,218
0801905035,116
0801905036,248
0801905037,231
0801905038,362
0801905039,166
0801905040,259
0801905041,905
0801905042,194
0801905043,299
0801905044,248
0801905045,175
0801905046,94
0801905047,146
0801905048,149
0801905049,239
0801905050,245
0801905051,234
0801905052,178
0801905053,173
0801905054,145
0801905055,167
0801905056,247
0801905057,219
0801905058,351
0801905059,309
0801905060,245
0801905061,368
0801905062,323
0801905063,268
0801905064,433
0801905065,422
0801905066,245
0801905067,353
0801905068,330
0801905069,348
0801905070,279
0801905071,569
0801905072,297
0801905073,287
0801905074,287
0801905075,391
0801905076,264
0801905077,296
0801905078,325
0801905079,211
0801905080,278
0801905081,298
0801905082,383
0801905083,189
0801905084,284
0801905085,286
0801905086,262
0801905087,353
0801905088,340
0801905089,376
0801905090,393
0801905091,289
0801905092,254
0801905093,239
0801905094,445
0801905095,345
0801905096,228
0801905097,352
0801905098,261
0801906001,352
0801906002,355
0801906003,570
0801906004,266
0801906006,139
0801906007,396
0801906008,507
0801906009,181
0801906010,185
0801906011,169
0801906012,196
0801906013,444
0801906014,272
0801906015,392
0801906016,361
0801906017,290
0801906018,407
0801906019,321
0801906020,319
0801906021,290
0801906022,330
0801906023,84
0801906024,311
0801906025,141
0801906026,246
0801906027,221
0801906028,377
0801906029,289
0801906030,426
0801906031,288
0801906032,259
0801906033,323
0801906034,260
0801906035,236
0801906036,319
0801906037,227
0801906038,413
0801906039,549
0801906040,502
0801906041,458
0801906042,503
0801906043,516
0801906044,500
0801906045,377
0801906046,293
0801906047,425
0801906048,491
0801906049,375
0801906050,430
0801906051,318
0801906052,399
0801906053,473
0801906054,435
0801906055,344
0801906056,533
0801906057,485
0801906058,511
0801906059,386
0801906060,457
0801906061,361
0801906062,270
0801906063,384
0801906064,397
0801906065,213
0801906066,241
0801906067,489
0801906068,375
0801906069,305
0801906070,498
0801906071,224
0801906072,297
0801906073,269
0801906074,303
0801906075,163
0801906076,235
0801906077,291
0801906078,333
0801906079,227
0801906080,231
0801906081,307
0801906082,1753
0801906083,235
0801906084,271
0801906085,269
0801906086,145
0801906087,194
0801906088,215
0801907001,202
0801907002,163
0801907003,345
0801907004,441
0801907005,282
0801907006,130
0801907007,284
0801907008,219
0801907009,376
0801907010,321
0801907011,352
0801907012,346
0801907013,194
0801907014,222
0801907015,239
0801907016,179
0801907017,397
0801907018,370
0801907019,341
0801907020,416
0801907021,163
0801907022,182
0801907023,299
0801907024,295
0801907025,399
0801907026,194
0801907027,424
0801907028,370
0801907029,266
0801907030,351
0801907031,410
0801907032,290
0801907033,275
0801907034,330
0801907035,269
0801907036,262
0801907037,323
0801907038,233
0801907039,318
0801907040,349
0801907041,390
0801907042,303
0801907043,292
0801907044,193
0801907045,354
0801907046,295
0801907047,278
0801907048,233
0801907049,219
0801907050,316
0801907051,397
0801907052,147
0801907053,178
0801907054,197
0801907055,86
0801907056,167
0801907057,155
0801907058,115
0801907059,331
0801907060,389
0801907061,140
0801907062,253
0801907063,293
0801907064,322
0801907065,530
0801907066,443
0801907067,424
0801907068,352
0801907069,413
0801907070,319
0801907071,190
0801907072,270
0801907073,263
0801907074,365
0801907075,240
0801907076,290
0801907077,272
0801907078,354
0801907079,392
0801907080,325
0801907081,305
0801907082,249
0801907083,292
0801907084,340
0801907085,248
0801907086,415
0801907087,368
0801907088,401
0801907089,296
0801907090,257
0801907091,283
0801907092,479
0801907093,461
0801907094,236
0801907095,356
0801907096,334
0801907097,134
0801907098,196
0801907099,90
0801907100,189
0801907101,230
0801907102,111
0801907103,454
0801907104,230
0801907105,87
0801907106,122
0801907107,105
0801907108,132
0801907109,304
0801907110,99
0801907111,77
0801907112,195
0801907113,189
0801907114,155
0801907115,85
0801907116,152
0801907117,3639
0801907118,197
0801907119,297
0801907120,212
0801907121,296
0801907122,190
0801907123,173
0801908001,161
0801908002,183
0801908003,202
0801908004,323
0801908005,179
0801908006,359
0801908007,130
0801908008,281
0801908009,381
0801908010,170
0801908011,138
0801908012,207
0801908013,220
0801908014,275
0801908015,371
0801908016,234
0801908017,230
0801908018,262
0801908019,496
0801908020,293
0801908021,240
0801908022,215
0801908023,320
0801908024,257
0801908025,318
0801908026,254
0801908027,173
0801908028,131
0801908029,226
0801908030,241
0801908031,191
0801908032,187
0801908033,344
0801908034,361
0801908035,5284
0801908036,437
0801908037,355
0801908038,451
0801908039,373
0801908040,476
0801908041,919
0801908042,189
0801908043,114
0801908044,375
0801908045,526
0801908046,422
0801908047,506
0801908048,95
0801908049,118
0801908050,110
0801908051,93
0801908052,105
0801908053,97
0801908054,178
0801908055,96
0801908056,234
0801908057,206
0801908058,282
0801908059,137
0801908060,90
0801908061,139
0801908062,71
0801908063,83
0801908064,208
0801908065,486
0801908066,442
0801908067,451
0801908068,530
0801908069,437
0801908070,439
0801908071,427
0801908072,240
0801908073,691
0801908074,479
0801908075,509
0801908076,303
0801908077,178
0801908078,509
0801908079,412
0801908080,439
0801908081,527
0801908082,409
0801908083,401
0801908084,211
0801908085,397
0801908086,361
0801908087,272
0801908088,271
0801908089,267
0801908090,232
0801908091,242
0801908092,166
0801908093,222
0801908094,212
0801908095,138
0801908096,263
0801908097,245
0801908098,251
0801908099,334
0801908100,300
0801908101,243
0801908102,399
0801908103,596
0801908104,329
0801908105,345
0801908106,366
0801908107,284
0801908108,581
0801908109,98
0801908110,711
0801908111,607
0801908112,510
0801908113,556
0801908114,534
0801908115,528
0801908116,251
0801908215,384
0801909001,986
0801909002,752
0801909003,718
0801909004,469
0801909005,342
0801909006,180
0801909007,244
0801909008,141
0801909009,158
0801909010,209
0801909011,243
0801909013,595
0801909014,3045
0801909015,537
0801909016,93
0801909017,188
0801909018,83
0801909019,217
0801909020,96
0801909021,192
0801909022,139
0801909023,113
0801909024,133
0801909025,161
0801909026,142
0801909027,108
0801909028,44
0801909029,119
0801909030,112
0801909031,61
0801909032,309
0801909033,521
0801909034,225
0801909035,203
0801909036,94
0801909037,432
0801909038,152
0801909039,192
0801909040,215
0801909041,161
0801909042,181
0801909043,249
0801909044,192
0801909045,163
0801909046,136
0801909047,206
0801909048,169
0801909049,216
0801909050,230
0801909051,169
0801909052,138
0801909053,215
0801909054,149
0801909055,418
0801909056,150
0801909057,456
0801909058,275
0801909059,230
0801909060,250
0801909061,267
0801909062,298
0801909063,165
0801909064,163
0801909065,448
0801909066,190
0801909067,314
0801909068,246
0801909069,202
0801909070,527
0801909071,423
0801909072,410
0801909073,201
0801909074,310
0801909075,314
0801909076,247
0801909077,244
0801909078,283
0801909079,293
0801909080,236
0801909081,362
0801909082,468
0801909083,289
0801909084,325
0801909085,323
0801909086,338
0801909087,210
0801909088,348
0801909089,302
0801909090,359
0801909091,351
0801909092,324
0801909093,225
0801909094,410
0801909095,393
0801909156,202
0801910001,450
0801910002,461
0801910003,368
0801910004,322
0801910005,290
0801910006,399
0801910007,191
0801910008,437
0801910009,439
0801910010,485
0801910011,275
0801910012,393
0801910013,345
0801910014,416
0801910015,574
0801910016,277
0801910017,435
0801910018,448
0801910019,323
0801910020,357
0801910021,295
0801910022,320
0801910023,335
0801910024,360
0801910025,367
0801910026,429
0801910027,289
0801910028,390
0801910029,274
0801910030,236
0801910031,342
0801910032,242
0801910033,57
0801910034,232
0801910035,176
0801910036,262
0801910037,280
0801910038,398
0801910039,577
0801910040,499
0801910041,396
0801910042,1046
0801910043,1493
0801910044,422
0801910045,289
0801910046,282
0801910047,428
0801910048,407
0801910049,300
0801910050,299
0801910051,440
0801910052,592
0801910053,357
0801910054,232
0801910055,568
0801910056,645
0801910057,437
0801910058,311
0801910059,725
0801910060,586
0801910061,328
0801910062,299
0801910063,334
0801910064,486
0801910065,369
0801910066,503
0801910067,401
0801910068,246
0801910069,650
0801910070,468
0801910071,278
0801910072,565
0801910073,258
0801910074,531
0801910075,364
0801910076,407
0801910077,311
0801910078,626
0801910079,264
0801910080,1038
0801910081,812
0801910082,908
0801910083,991
0801910084,614
0801910085,871
0801910086,586
0801910087,589
0801910088,242
0801910089,5724
0801910090,405
0801910091,520
0801910092,214
0801910093,530
0801910094,1129
0801910095,326
0801910096,444
0801910097,302
0801910098,163
0801910099,101
0801910100,394
0801910101,522
0801910102,476
0801910103,291
0801910104,123
0801910105,256
0801910106,169
0801910107,209
0801910108,198
0801910109,323
0801910110,556
0801910111,234
0801910112,155
0801910113,288
0801910114,418
0801910115,306
0801910116,407
0801910117,218
0801910118,100
0801910119,236
0801910120,370
0801910121,372
0801910122,169
0801910123,187
0801910124,113
0801910125,158
0801910126,128
0801910127,95
0801910128,172
0801910129,111
0801910130,265
0801910131,102
0801910132,272
0801910133,330
0801910134,318
0801910135,220
0801910136,233
0801910137,259
0801910138,1260
0801910139,451
0801910140,434
0801910141,194
0801910142,361
0801910143,426
0801910234,274
0801910235,240
0801910236,371
0801910237,156
