census_section,income_2022_house,income_2022_pers
0800101001,39943,15157
0800101002,38366,15024
0800101003,57906,18720
0800101004,44994,16534
0800101005,38999,14710
0800101007,42201,15932
0800101008,43622,15871
0800101009,42799,15389
0800201001,48930,16814
0800301001,60791,24019
0800301002,65088,22986
0800301003,70088,24754
0800301004,71084,22584
0800301005,54614,20515
0800401001,40844,18466
0800501001,59285,19955
0800501002,56332,20549
0800501003,66316,21901
0800501004,68349,22428
0800501005,53356,17336
0800601001,36643,15352
0800601002,36214,15230
0800601003,38726,14773
0800601004,55078,21323
0800602001,34726,14106
0800602002,37090,15519
0800602003,49788,18943
0800602004,37045,14170
0800602005,35585,14085
0800701001,40802,15094
0800701002,38656,14761
0800701003,39440,14880
0800702001,46818,17549
0800702002,36357,14439
0800801001,38901,15283
0800901001,49938,17664
0800901002,40427,16331
0800901003,30540,10591
0800901004,46984,15055
0800901005,57242,19330
0800901006,66921,21218
0800902001,42130,15168
0800902002,39292,15433
0800902003,40329,16382
0801001001,35999,14170
0801002001,38947,15424
0801002002,36077,13452
0801002003,42355,16286
0801101001,40144,15853
0801201001,38647,15010
0801301001,39864,15665
0801401001,41015,16768
0801501001,54478,21564
0801501002,47921,20195
0801501003,51483,21829
0801501004,51076,20912
0801501005,48786,20804
0801501007,49033,20238
0801502001,40852,15724
0801502002,49430,19550
0801502003,48255,19528
0801502004,49441,19123
0801502005,31784,12503
0801502007,29383,11207
0801502008,46287,18730
0801502009,24199,9763
0801502010,30503,11716
0801502011,30589,12985
0801502012,31370,12493
0801502013,29543,11524
0801502015,27531,11463
0801503001,35320,13799
0801503003,40005,15847
0801503004,47759,17816
0801503005,39720,15635
0801503006,45212,17539
0801503007,52711,20792
0801503008,42158,16754
0801503009,43366,18395
0801503010,31371,12679
0801503011,40705,16559
0801503013,57786,20873
0801503014,56099,19929
0801503015,52852,20133
0801504001,38083,13130
0801504002,40378,16438
0801504003,39718,16004
0801504004,40896,15795
0801504005,41030,15895
0801504006,37835,13721
0801504007,41446,15604
0801504008,35789,14996
0801504009,39306,15448
0801504010,30578,12601
0801504011,37793,15044
0801504012,39066,15112
0801504013,40964,15546
0801504014,52238,18509
0801504015,37711,13659
0801504016,46690,16551
0801505001,50372,20255
0801505002,45212,18676
0801505003,50479,19327
0801505004,43936,17848
0801505005,38102,15755
0801505006,48160,19610
0801505007,49146,19248
0801505008,53495,20101
0801506001,39611,14799
0801506002,57576,18968
0801506003,28385,11680
0801506004,29367,12067
0801506005,28996,12203
0801506006,28836,12035
0801507001,33301,12177
0801507002,39046,15643
0801507003,27963,11941
0801507004,40637,16370
0801507005,30435,10782
0801507006,41086,16337
0801507007,25294,8344
0801507008,26834,8537
0801507009,30821,12021
0801507010,30309,10870
0801507011,31942,12588
0801507013,25736,8668
0801507014,30315,11696
0801507015,24312,8119
0801507017,25724,8697
0801507018,39451,15414
0801507020,28851,11437
0801507021,30627,12022
0801507022,33041,14393
0801507023,44309,18034
0801507024,37406,14383
0801507028,30153,10486
0801507029,38673,15339
0801507030,45673,16308
0801507031,35884,14162
0801508001,27110,9253
0801508002,33783,13305
0801508003,32806,12310
0801508004,33196,13074
0801508005,29070,12200
0801508006,34498,14129
0801508007,29739,11038
0801508008,33852,13096
0801508009,33476,13799
0801508011,34761,13417
0801508012,49393,18522
0801508013,40431,16092
0801509001,29161,9060
0801509002,25374,7751
0801509003,28684,10201
0801509004,20557,5923
0801509005,27667,9703
0801509006,24205,7315
0801509008,28323,10226
0801509009,30340,12400
0801509010,27187,11267
0801509011,28411,10613
0801509012,27030,10330
0801509013,31279,11826
0801509014,30137,11718
0801509015,30024,10003
0801509016,31803,12081
0801509017,24731,8320
0801509018,29361,10839
0801509019,27322,10602
0801509020,34730,13640
0801509021,31223,11049
0801509022,30345,11374
0801509023,29967,10870
0801509024,31637,11948
0801509025,27683,10429
0801509026,31232,12482
0801509027,28547,10980
0801509028,31021,11143
0801509030,40914,13687
0801509031,32055,12524
0801509032,25721,9458
0801509033,32244,12354
0801509034,34701,13905
0801509035,30341,11521
0801509036,29068,11661
0801509037,22363,7074
0801509038,26827,8320
0801509042,20950,5971
0801509043,34533,13548
0801509044,29627,11142
0801509045,32204,12709
0801509047,29721,10446
0801509049,30904,11040
0801509052,28882,11581
0801509053,30937,11009
0801509054,32621,12820
0801509057,34136,12454
0801509058,34193,14225
0801509059,33731,12817
0801601001,36788,16566
0801701001,33828,13055
0801701002,39858,14479
0801701003,37314,14282
0801801001,37720,15345
0801801002,36084,14637
0801901001,30768,12551
0801901002,26789,10715
0801901003,28028,9937
0801901004,31203,12214
0801901005,24816,10296
0801901006,28579,11108
0801901007,29286,10309
0801901008,23794,8291
0801901009,28024,10703
0801901010,26081,9147
0801901011,24767,9036
0801901012,29100,11443
0801901013,33277,11552
0801901014,29916,10901
0801901015,30702,11387
0801901016,30724,10953
0801901017,27532,9432
0801901018,30169,10776
0801901019,27510,10830
0801901020,36362,15139
0801901021,33778,15240
0801901022,41712,19287
0801901023,34825,15904
0801901025,33298,14845
0801901026,24276,10510
0801901027,31335,13737
0801901028,33612,15029
0801901029,30067,12481
0801901030,31201,12469
0801901031,28846,12030
0801901032,30477,15532
0801901033,27310,13394
0801901034,26416,13482
0801901035,26681,13613
0801901036,32134,14159
0801901037,31897,14693
0801901038,24948,12656
0801901039,31406,14080
0801901040,30587,15078
0801901041,24930,13280
0801901042,33251,14731
0801901043,42945,19719
0801901044,34713,16259
0801901045,31211,15297
0801901046,30961,13810
0801901047,31652,15624
0801901048,25955,11647
0801901049,36227,14619
0801901050,30410,13534
0801901051,29519,13665
0801901052,44209,19034
0801901053,27349,13765
0801901054,29542,14758
0801901055,41259,18412
0801902001,41726,17933
0801902002,43266,19019
0801902003,49065,21335
0801902004,42381,16531
0801902005,46431,20296
0801902006,49271,20937
0801902007,51559,23045
0801902008,52884,20725
0801902009,48694,19911
0801902010,46567,18516
0801902011,45758,19653
0801902012,41252,16416
0801902013,37995,17082
0801902014,37305,15988
0801902015,38983,16149
0801902016,48459,21013
0801902017,51467,21296
0801902018,48721,20625
0801902019,45158,19337
0801902020,40405,18059
0801902021,39923,18468
0801902022,46783,18928
0801902023,41473,19440
0801902024,39487,17186
0801902025,38985,17754
0801902026,41964,18005
0801902027,43187,18438
0801902028,43140,18367
0801902029,43662,18702
0801902030,38697,15609
0801902031,47802,20248
0801902032,43925,19674
0801902033,40816,18900
0801902034,38638,17209
0801902035,42794,20008
0801902036,48252,20632
0801902037,49845,21612
0801902038,48901,20868
0801902039,42934,18329
0801902040,38595,16444
0801902041,40835,18547
0801902042,48640,20863
0801902043,48014,19516
0801902044,40072,16881
0801902045,48756,20200
0801902046,41654,17007
0801902047,45913,18239
0801902048,43355,17771
0801902049,39379,17545
0801902050,40252,18491
0801902051,38227,16481
0801902052,43630,19154
0801902053,42645,19573
0801902054,45937,19388
0801902055,47019,20445
0801902056,47577,20737
0801902057,59899,25636
0801902058,52619,23306
0801902059,58525,23195
0801902060,49792,21540
0801902061,44305,19849
0801902062,55422,23161
0801902063,65709,27244
0801902064,66794,27497
0801902065,48394,20692
0801902066,49143,21195
0801902067,42982,19030
0801902068,46633,19626
0801902069,51046,22385
0801902070,54515,23770
0801902071,57959,24664
0801902072,63483,26310
0801902073,57060,23724
0801902074,63584,25788
0801902075,54726,23374
0801902076,66463,26807
0801902077,52902,22220
0801902078,56001,24597
0801902079,67110,28148
0801902080,59893,24917
0801902081,59415,26267
0801902082,66249,28514
0801902083,66319,28846
0801902084,51129,23283
0801902085,50965,23564
0801902086,59048,25124
0801902087,51481,22670
0801902088,55309,24489
0801902089,50653,22966
0801902090,47116,20891
0801902091,51644,21763
0801902092,46768,21086
0801902093,49004,21306
0801902094,49600,21875
0801902095,50362,21608
0801902096,45528,19754
0801902097,45213,19923
0801902098,47474,22495
0801902099,56357,23186
0801902100,47058,22180
0801902101,50737,21523
0801902102,56389,25221
0801902103,40096,18512
0801902104,53450,23085
0801902105,43077,19338
0801902106,56592,24466
0801902107,55974,24473
0801902108,55925,25292
0801902109,60747,26362
0801902110,45731,20865
0801902111,47398,20801
0801902112,58931,26051
0801902113,58944,24800
0801902114,46552,21272
0801902115,43555,19585
0801902116,56591,24287
0801902117,49081,20244
0801902118,55573,23707
0801902119,49656,22443
0801902120,46650,20564
0801902121,50019,22931
0801902122,54554,23418
0801902123,42719,20187
0801902124,50823,21934
0801902125,48038,20970
0801902126,50593,22433
0801902127,43100,19771
0801902128,42814,19179
0801902129,47033,20206
0801902130,71411,28734
0801902131,46236,20749
0801902132,47287,20926
0801902133,45568,20828
0801902134,43598,19320
0801902135,41004,18307
0801902136,47659,20511
0801902137,42431,18125
0801902138,48237,20514
0801902139,42143,19477
0801902140,46117,20282
0801902141,43733,18964
0801902142,42414,17617
0801902143,46466,19780
0801902144,49659,21458
0801902145,47168,19195
0801902146,46123,18794
0801902147,43652,18757
0801902148,45765,21273
0801902149,39990,16465
0801902150,42418,16973
0801902151,45898,19515
0801902152,48760,21188
0801902153,47854,20894
0801902154,38924,16007
0801902155,41484,17507
0801902156,44607,19829
0801902157,41462,17667
0801902158,44494,18509
0801902159,44862,18382
0801902160,47447,21124
0801902161,45026,18916
0801902162,40102,17348
0801902163,45275,20167
0801902164,43242,19055
0801902165,45875,19725
0801902166,42074,18076
0801902167,45869,19007
0801902168,41414,18345
0801902169,41613,19018
0801902170,44855,18882
0801902171,37974,16439
0801902172,37406,17377
0801902173,41235,18746
0801903001,38082,15862
0801903002,32193,14589
0801903003,33680,13788
0801903004,36760,16680
0801903005,32872,14786
0801903006,36397,14902
0801903007,33575,14238
0801903008,32109,14300
0801903009,35517,15390
0801903010,34181,13555
0801903011,29699,12299
0801903012,33650,14364
0801903013,30729,13403
0801903014,32752,13247
0801903015,33203,13794
0801903016,34490,13557
0801903017,31347,12964
0801903018,36745,14281
0801903019,33354,13576
0801903020,39638,16028
0801903021,39341,16231
0801903022,35621,15819
0801903023,33132,13696
0801903024,32309,13670
0801903025,30218,12529
0801903026,34195,14756
0801903027,36432,15650
0801903028,42402,17225
0801903029,34892,13990
0801903030,36367,15260
0801903031,34605,14441
0801903032,30788,12569
0801903033,29427,11469
0801903034,35738,14373
0801903035,39118,15421
0801903036,40517,16537
0801903037,40350,16232
0801903038,31515,11990
0801903039,28306,11148
0801903040,41198,19163
0801903041,39611,16194
0801903042,38367,16364
0801903043,39034,17278
0801903044,37960,15672
0801903045,37920,16810
0801903046,47021,19760
0801903047,36070,15838
0801903048,43851,20352
0801903049,39639,17105
0801903050,39371,17743
0801903051,34911,14179
0801903052,37979,15744
0801903053,35887,14806
0801903054,42534,17714
0801903055,37423,16735
0801903056,36030,15955
0801903057,36321,16272
0801903058,50868,20476
0801903059,34662,15522
0801903060,42870,18776
0801903061,35424,16203
0801903062,36333,16587
0801903063,41222,16190
0801903064,41233,16987
0801903065,41881,17058
0801903066,38648,15224
0801903067,42204,17000
0801903068,32851,14777
0801903069,43758,17547
0801903070,34278,14204
0801903071,32367,14399
0801903072,32837,14622
0801903073,39954,17174
0801903074,38040,16363
0801903075,37566,15018
0801903076,35296,15509
0801903077,37786,15543
0801903078,36454,14780
0801903079,35103,14495
0801903080,37495,16015
0801903081,40308,16423
0801903082,43725,18684
0801903083,40096,17304
0801903084,41590,17751
0801903085,42886,19314
0801903086,49385,21194
0801903087,47932,19750
0801903088,40014,17797
0801903089,42894,19060
0801903090,47932,20585
0801903091,46814,18336
0801903092,40881,17688
0801903093,44019,18653
0801903094,41462,19036
0801903095,39646,17781
0801903096,37764,15951
0801903097,30181,13048
0801903098,36301,14757
0801903099,36884,17083
0801903100,37057,17047
0801903101,36934,16709
0801903102,39678,17091
0801903103,38531,17367
0801903104,38520,16540
0801903105,37535,16198
0801903106,38980,17255
0801903107,41589,17236
0801903108,40704,17069
0801903109,42224,18169
0801903110,38945,18478
0801903111,42058,18718
0801903112,46670,19882
0801903113,53534,23793
0801903114,53105,22436
0801903211,42636,15209
0801903212,34921,14166
0801903213,32420,12073
0801904001,47761,20112
0801904002,52386,21695
0801904003,49222,21606
0801904004,45188,20094
0801904005,46785,20483
0801904006,48340,21019
0801904007,41785,19135
0801904008,39787,18567
0801904009,46027,20798
0801904010,57131,23761
0801904011,57721,24435
0801904012,52140,23363
0801904013,56593,24453
0801904014,55390,23595
0801904015,51987,21978
0801904016,56708,24205
0801904017,53313,23387
0801904018,57881,24800
0801904019,71518,28831
0801904020,61418,24567
0801904021,65253,27820
0801904022,49500,22615
0801904023,90951,32986
0801904024,97678,34765
0801904025,49602,22890
0801904026,50877,22476
0801904027,51748,23851
0801904028,46730,21454
0801904029,59632,25953
0801904030,56068,24132
0801904031,48653,21221
0801904032,48131,20508
0801904033,45074,20206
0801904034,61713,25026
0801904035,50835,22923
0801904036,46472,19218
0801904037,49406,20424
0801904038,47522,20117
0801904039,44514,19023
0801904040,38068,16067
0801904041,37775,17152
0801904042,36761,16062
0801904043,55668,23558
0801904044,44138,18188
0801904045,44550,18519
0801904046,63304,25273
0801904047,54809,21233
0801904048,55617,22929
0801904049,82214,31161
0801904050,98221,34765
0801904051,60212,25051
0801904052,98221,34765
0801904053,56053,21547
0801904054,73912,29872
0801904055,98221,34765
0801904056,98221,34765
0801904084,59020,24827
0801905001,50186,17841
0801905002,75861,27126
0801905003,75846,26437
0801905004,98221,34765
0801905005,80831,26669
0801905006,98221,34765
0801905007,77168,28635
0801905008,97195,34765
0801905009,65271,26100
0801905010,62171,24335
0801905011,64572,25933
0801905012,56606,23950
0801905013,65645,27817
0801905014,74521,30027
0801905015,68824,26270
0801905016,54849,21666
0801905017,98221,34765
0801905018,64597,25437
0801905019,88008,32355
0801905020,72300,31576
0801905021,93278,34765
0801905022,98221,34765
0801905023,55164,22821
0801905024,98221,34334
0801905025,98221,34765
0801905026,98221,34765
0801905027,98221,34765
0801905028,98221,34638
0801905029,98221,34765
0801905030,98221,34765
0801905031,98221,34765
0801905032,98221,34765
0801905033,88497,32784
0801905034,65685,26250
0801905035,98221,34765
0801905036,90837,32181
0801905037,52576,20266
0801905038,53304,23331
0801905039,83559,30420
0801905040,54724,23078
0801905041,59077,25921
0801905042,65256,26736
0801905043,55005,23574
0801905044,59313,24686
0801905045,85089,30408
0801905046,98221,34765
0801905047,79691,29204
0801905048,85278,32669
0801905049,96055,34088
0801905050,63937,26406
0801905051,86211,31709
0801905052,98221,34765
0801905053,98221,34765
0801905054,98221,34765
0801905055,98221,34765
0801905056,74102,31537
0801905057,98221,34765
0801905058,88632,34765
0801905059,65718,29106
0801905060,97915,34765
0801905061,54826,26184
0801905062,73802,31252
0801905063,76201,30886
0801905064,69413,30658
0801905065,62996,25681
0801905066,75524,30635
0801905067,71430,28470
0801905068,58498,26182
0801905069,62602,25440
0801905070,58587,24134
0801905071,54842,23788
0801905072,61721,25491
0801905073,54220,23903
0801905074,70737,28797
0801905075,56386,25000
0801905076,64120,26487
0801905077,77577,28128
0801905078,77962,28982
0801905079,64930,25605
0801905080,54846,24575
0801905081,53814,23078
0801905082,51700,22720
0801905083,53694,23353
0801905084,54120,23306
0801905085,48698,20865
0801905086,50243,22648
0801905087,54351,23720
0801905088,60039,24458
0801905089,60615,24315
0801905090,49645,22860
0801905091,47950,20261
0801905092,77999,29786
0801905093,58665,25536
0801905094,71064,27970
0801905095,53971,22471
0801905096,46696,21575
0801905097,55711,22901
0801905098,53515,22738
0801906001,43059,18437
0801906002,42529,19786
0801906003,41027,17396
0801906004,46074,20428
0801906006,62157,25693
0801906007,52693,21756
0801906008,44499,19455
0801906009,65953,26136
0801906010,57552,23746
0801906011,53896,22289
0801906012,63096,24189
0801906013,43563,18878
0801906014,39644,16675
0801906015,39554,16418
0801906016,35517,15632
0801906017,39434,16744
0801906018,40463,17973
0801906019,43152,18465
0801906020,44579,20277
0801906021,53734,22343
0801906022,47322,20209
0801906023,56238,22902
0801906024,46489,19853
0801906025,51474,22165
0801906026,46812,21054
0801906027,49616,21503
0801906028,38837,17534
0801906029,42433,20787
0801906030,38630,17996
0801906031,39198,19524
0801906032,40865,18631
0801906033,43374,19715
0801906034,38724,18713
0801906035,53946,23000
0801906036,47090,21263
0801906037,48460,20533
0801906038,43138,18926
0801906039,37818,18307
0801906040,48273,21123
0801906041,47246,20811
0801906042,49461,21853
0801906043,46153,21640
0801906044,54390,25146
0801906045,44044,20873
0801906046,41346,19198
0801906047,36611,18013
0801906048,40325,18652
0801906049,42590,19619
0801906050,37181,17172
0801906051,42336,19954
0801906052,40013,19662
0801906053,45390,20140
0801906054,39057,18098
0801906055,43136,19922
0801906056,38332,18512
0801906057,34946,17630
0801906058,41333,20062
0801906059,38392,18702
0801906060,40507,18255
0801906061,40254,18070
0801906062,38521,17666
0801906063,39193,18446
0801906064,45954,19931
0801906065,50078,21626
0801906066,44360,21115
0801906067,41550,19511
0801906068,49970,22239
0801906069,46292,20890
0801906070,42181,18980
0801906071,48722,20293
0801906072,52106,22958
0801906073,41731,19662
0801906074,46553,19151
0801906075,52566,22477
0801906076,47495,21088
0801906077,40251,18283
0801906078,38577,18504
0801906079,43595,19906
0801906080,42878,19213
0801906081,42587,19376
0801906082,46799,19839
0801906083,48339,21408
0801906084,42351,19397
0801906085,46671,20755
0801906086,53058,23395
0801906087,51551,22742
0801906088,46535,19798
0801907001,46199,20350
0801907002,34872,18197
0801907003,45343,18735
0801907004,38880,17020
0801907005,37996,17651
0801907006,46048,19474
0801907007,39458,17364
0801907008,46102,18496
0801907009,38753,17135
0801907010,45352,19357
0801907011,38628,17618
0801907012,37594,16813
0801907013,47066,19488
0801907014,33951,15951
0801907015,39021,16173
0801907016,49277,19850
0801907017,40283,17201
0801907018,39775,16342
0801907019,42863,17923
0801907020,37541,15735
0801907021,50404,19891
0801907022,41828,17202
0801907023,32574,15136
0801907024,36047,16336
0801907025,37012,15545
0801907026,38495,16417
0801907027,39603,15460
0801907028,39623,16938
0801907029,43038,18647
0801907030,35919,15405
0801907031,36083,14840
0801907032,38969,16790
0801907033,42294,17710
0801907034,46464,19188
0801907035,45286,19280
0801907036,45873,19535
0801907037,41182,17122
0801907038,38316,17046
0801907039,42817,18311
0801907040,38157,17703
0801907041,36371,16165
0801907042,39056,17455
0801907043,40691,17679
0801907044,42517,18686
0801907045,39286,16412
0801907046,37353,16741
0801907047,38735,16498
0801907048,39128,17377
0801907049,38608,17130
0801907050,37569,16523
0801907051,40582,16971
0801907052,55776,21956
0801907053,45260,18764
0801907054,57475,23089
0801907055,64703,25507
0801907056,44850,18900
0801907057,46241,19080
0801907058,43440,18352
0801907059,31590,13934
0801907060,32604,13725
0801907061,33959,14378
0801907062,33878,14203
0801907063,30412,12177
0801907064,30995,12723
0801907065,27624,11529
0801907066,29157,12106
0801907067,29340,12029
0801907068,28712,11498
0801907069,28121,12102
0801907070,31636,12595
0801907071,34025,14342
0801907072,34142,13753
0801907073,29083,12556
0801907074,29315,12853
0801907075,30354,12395
0801907076,30766,12933
0801907077,30571,12561
0801907078,31398,12600
0801907079,29734,12520
0801907080,33359,13441
0801907081,34938,14777
0801907082,32065,13780
0801907083,31102,13185
0801907084,32794,13755
0801907085,35249,14457
0801907086,32611,13416
0801907087,33326,14573
0801907088,35324,14084
0801907089,41401,16518
0801907090,37577,14934
0801907091,36193,15502
0801907092,29068,11833
0801907093,35958,14616
0801907094,36666,16101
0801907095,37904,16266
0801907096,35191,15086
0801907097,43460,18896
0801907098,54299,21745
0801907099,45377,19066
0801907100,38585,16817
0801907101,39871,17038
0801907102,40693,16063
0801907103,37936,15336
0801907104,34665,14558
0801907105,42471,18480
0801907106,42100,17216
0801907107,47593,19997
0801907108,42963,17398
0801907109,33451,14478
0801907110,42289,17676
0801907111,48589,20010
0801907112,43884,17437
0801907113,36269,15241
0801907114,43249,18106
0801907115,49280,20657
0801907116,38816,16610
0801907117,41495,17932
0801907118,40660,17360
0801907119,35556,14926
0801907120,37644,15698
0801907121,34045,13902
0801907122,37457,16328
0801907123,41386,17797
0801908001,37239,15997
0801908002,39653,17446
0801908003,36275,15735
0801908004,35811,14756
0801908005,38554,16243
0801908006,39670,15922
0801908007,40932,16997
0801908008,39453,16651
0801908009,37696,14885
0801908010,40981,18209
0801908011,42473,17128
0801908012,37982,16780
0801908013,37533,15859
0801908014,36213,14738
0801908015,33173,13981
0801908016,36378,15995
0801908017,39536,17155
0801908018,38600,15934
0801908019,35001,14370
0801908020,35100,15213
0801908021,37354,16088
0801908022,38410,15878
0801908023,33215,14091
0801908024,34261,14665
0801908025,30928,13405
0801908026,37415,15793
0801908027,41071,17195
0801908028,33864,14581
0801908029,30320,13017
0801908030,35277,14067
0801908031,33664,14826
0801908032,37298,15311
0801908033,31357,12695
0801908034,29777,12333
0801908035,30782,14624
0801908036,28928,11982
0801908037,33401,13664
0801908038,33283,12569
0801908039,31529,13346
0801908040,29318,11545
0801908041,27833,9836
0801908042,36700,15238
0801908043,31391,14159
0801908044,29120,11674
0801908045,30500,11488
0801908046,30254,12837
0801908047,28259,10831
0801908048,24643,10415
0801908049,27557,12690
0801908050,44498,18342
0801908051,41662,16380
0801908052,35892,15703
0801908053,42485,17618
0801908054,35738,15689
0801908055,47930,19660
0801908056,35178,14348
0801908057,36223,15107
0801908058,33558,13754
0801908059,34877,14615
0801908060,38060,16354
0801908061,33342,14343
0801908062,38677,16049
0801908063,42072,17900
0801908064,34929,13716
0801908065,29904,10522
0801908066,26214,9926
0801908067,31663,12368
0801908068,28085,10613
0801908069,29427,10956
0801908070,27871,10657
0801908071,29329,11493
0801908072,32525,12861
0801908073,24642,9790
0801908074,28248,10690
0801908075,29170,12501
0801908076,29733,13067
0801908077,27486,10927
0801908078,26754,11586
0801908079,27094,11334
0801908080,29751,12241
0801908081,28543,10839
0801908082,28993,12530
0801908083,30608,12650
0801908084,31934,13797
0801908085,31046,12550
0801908086,30892,13184
0801908087,30484,13292
0801908088,31222,12895
0801908089,31365,13534
0801908090,32819,13856
0801908091,33684,13649
0801908092,35831,14608
0801908093,30663,12937
0801908094,32078,14067
0801908095,40339,16282
0801908096,34609,13676
0801908097,30737,13073
0801908098,30117,12472
0801908099,29967,12407
0801908100,29820,12770
0801908101,32589,13818
0801908102,27994,11607
0801908103,24422,9718
0801908104,26883,11137
0801908105,29652,11397
0801908106,29459,10359
0801908107,28579,11416
0801908108,29890,10107
0801908109,28577,10032
0801908110,23984,8374
0801908111,26674,9016
0801908112,27731,9422
0801908113,27454,9192
0801908114,29469,9974
0801908115,27144,9650
0801908116,28878,10461
0801908215,37830,16049
0801909001,27607,8802
0801909002,27575,9668
0801909003,28431,10264
0801909004,28934,10726
0801909005,35830,13581
0801909006,29407,11105
0801909007,26095,10426
0801909008,53554,19072
0801909009,40499,15010
0801909010,32710,13544
0801909011,30185,11747
0801909013,27884,9740
0801909014,29576,11570
0801909015,29712,11502
0801909016,40437,16940
0801909017,42759,17201
0801909018,39883,16518
0801909019,47629,18142
0801909020,40490,17829
0801909021,44694,18484
0801909022,46590,19449
0801909023,46771,18662
0801909024,42249,18475
0801909025,42658,18871
0801909026,44454,19409
0801909027,44830,18796
0801909028,55145,20747
0801909029,38663,16938
0801909030,44136,18255
0801909031,46173,18590
0801909032,35241,14096
0801909033,37089,16599
0801909034,33652,14761
0801909035,38478,16858
0801909036,40625,17549
0801909037,37430,14547
0801909038,43429,17709
0801909039,40075,17362
0801909040,44928,18312
0801909041,38566,16634
0801909042,41195,18516
0801909043,38000,16571
0801909044,40457,17573
0801909045,40693,17533
0801909046,42393,18827
0801909047,41614,18953
0801909048,39061,17191
0801909049,41945,16481
0801909050,40493,17934
0801909051,42304,18430
0801909052,41169,17469
0801909053,43626,18933
0801909054,42884,18557
0801909055,40236,14010
0801909056,41418,17677
0801909057,39129,15694
0801909058,42949,17350
0801909059,40829,17271
0801909060,38083,16050
0801909061,43722,18491
0801909062,41135,17392
0801909063,43434,19007
0801909064,43564,17479
0801909065,40376,16123
0801909066,44037,19006
0801909067,37807,15279
0801909068,41418,17428
0801909069,37945,16547
0801909070,29201,12562
0801909071,38069,15441
0801909072,32326,13936
0801909073,40203,17187
0801909074,37585,15542
0801909075,40305,15121
0801909076,36001,15637
0801909077,38539,16917
0801909078,40639,17243
0801909079,40574,17221
0801909080,41281,17484
0801909081,38982,16729
0801909082,39239,16025
0801909083,39602,16869
0801909084,42536,18334
0801909085,41119,17180
0801909086,40794,16575
0801909087,43777,18286
0801909088,34419,15700
0801909089,36857,16041
0801909090,35890,15825
0801909091,41164,16842
0801909092,42537,17255
0801909093,39051,17207
0801909094,40084,17271
0801909095,42508,17260
0801909156,40252,15813
0801910001,36452,15697
0801910002,37999,16590
0801910003,39671,17199
0801910004,39272,16730
0801910005,41476,17870
0801910006,44700,19363
0801910007,51103,23192
0801910008,39180,18248
0801910009,39666,18276
0801910010,37617,17010
0801910011,42722,19346
0801910012,43266,18597
0801910013,39547,18080
0801910014,39810,17514
0801910015,39216,17498
0801910016,43747,19121
0801910017,42051,17673
0801910018,37234,16207
0801910019,40357,17628
0801910020,36473,16096
0801910021,36632,15750
0801910022,39197,17257
0801910023,39113,17009
0801910024,44228,17822
0801910025,38351,16981
0801910026,44907,18716
0801910027,41751,17684
0801910028,42066,16685
0801910029,39713,16552
0801910030,40903,16826
0801910031,37159,17139
0801910032,45832,18605
0801910033,43846,19716
0801910034,38489,16729
0801910035,49047,18603
0801910036,50758,18989
0801910037,34764,13747
0801910038,42983,18090
0801910039,39563,16195
0801910040,40427,17111
0801910041,40151,17613
0801910042,38142,15637
0801910043,41674,17509
0801910044,42072,18058
0801910045,47744,20026
0801910046,42803,19934
0801910047,44590,19521
0801910048,45412,20141
0801910049,42270,18159
0801910050,45972,19528
0801910051,49710,19457
0801910052,64642,25800
0801910053,84079,31542
0801910054,63952,24193
0801910055,73872,27080
0801910056,38490,16464
0801910057,36549,16483
0801910058,37272,16611
0801910059,46556,19531
0801910060,40882,16892
0801910061,48067,19768
0801910062,46419,18917
0801910063,46515,19158
0801910064,45506,19677
0801910065,46351,19096
0801910066,48165,19051
0801910067,65296,24254
0801910068,54807,20639
0801910069,52603,21319
0801910070,39894,17694
0801910071,50486,20015
0801910072,45558,18256
0801910073,38818,16574
0801910074,40466,16681
0801910075,41036,16654
0801910076,43788,19707
0801910077,60793,22509
0801910078,60819,22874
0801910079,49550,19420
0801910080,72348,25420
0801910081,33850,13150
0801910082,24820,8188
0801910083,24297,7483
0801910084,27468,9804
0801910085,25694,9155
0801910086,28731,10750
0801910087,27508,10623
0801910088,36128,14842
0801910089,27321,10732
0801910090,32933,12124
0801910091,34764,13799
0801910092,41125,16663
0801910093,43027,17309
0801910094,43728,18002
0801910095,36471,14964
0801910096,48949,18854
0801910097,47256,19539
0801910098,48902,18363
0801910099,33685,12941
0801910100,36058,14556
0801910101,40206,14575
0801910102,36855,14502
0801910103,38875,16006
0801910104,46201,18096
0801910105,40134,16381
0801910106,38422,16125
0801910107,48046,19238
0801910108,36637,15857
0801910109,35471,14752
0801910110,33929,14451
0801910111,37058,15551
0801910112,46119,18698
0801910113,36873,14948
0801910114,33930,12814
0801910115,33745,14194
0801910116,31641,13761
0801910117,35673,15231
0801910118,47672,18751
0801910119,31682,13758
0801910120,34105,14505
0801910121,34409,13977
0801910122,44379,17655
0801910123,37439,15867
0801910124,40251,16294
0801910125,35322,14438
0801910126,39474,15670
0801910127,41595,16357
0801910128,39078,17048
0801910129,43161,16763
0801910130,36581,15695
0801910131,47232,18546
0801910132,35875,13947
0801910133,33483,13691
0801910134,30670,13695
0801910135,34789,14016
0801910136,35115,14108
0801910137,32521,12788
0801910138,27276,10930
0801910139,30961,12432
0801910140,32579,12489
0801910141,32350,12820
0801910142,31223,12100
0801910143,35729,12938
0801910234,40128,16824
0801910235,30442,14812
0801910236,33996,15427
0801910237,30852,13855
0802001001,56821,20063
0802001002,63785,21526
0802001003,57769,19077
0802101001,.,.
0802201001,32567,13447
0802201002,32931,14042
0802201003,49973,20984
0802201004,36402,14980
0802201005,38681,16186
0802201006,33565,13803
0802202001,24032,10723
0802202002,30925,12235
0802202003,37241,15655
0802202004,35759,14965
0802202005,26355,10915
0802203001,44522,17448
0802204001,41036,16489
0802301001,51958,18352
0802301002,37936,14219
0802301003,43964,15243
0802301004,52258,18163
0802301005,41661,15475
0802401001,33643,14719
0802501001,42349,16625
0802601001,77043,23957
0802701001,52149,16990
0802801001,32834,13489
0802901001,52909,19778
0802901002,65820,22463
0803001001,61786,20559
0803001002,65163,21254
0803001003,59634,20053
0803101001,32558,13869
0803101002,34251,13157
0803201001,42843,17674
0803301001,44255,17585
0803301002,37283,14315
0803301003,42235,16763
0803302001,44290,16495
0803303001,38703,15036
0803303002,37625,13685
0803303003,48922,16722
0803303004,44629,16625
0803303005,55044,18147
0803303006,48493,17323
0803401001,43813,16901
0803501001,30519,12506
0803501002,38167,15178
0803501003,26345,11468
0803502001,33338,14397
0803502002,32133,13027
0803503001,32138,12836
0803503002,31506,12578
0803503003,34363,13938
0803503004,40419,14112
0803601001,43188,14243
0803701001,45491,16654
0803801001,36937,15029
0803901001,47569,17971
0804001001,37965,15302
0804001002,34596,14915
0804001003,31966,12691
0804001004,46954,16994
0804001005,33662,14196
0804001006,34548,14496
0804001007,46532,16851
0804001008,40059,14581
0804001009,32332,13214
0804001010,34940,13822
0804101001,39037,13694
0804101002,29909,9652
0804101003,28527,8617
0804101004,31585,10187
0804101005,29087,9121
0804101006,34169,12523
0804101007,47415,17190
0804101008,54435,19165
0804201001,45751,15974
0804201002,44302,15542
0804301001,39737,15150
0804301002,43148,15450
0804301003,37394,13563
0804401001,34525,13784
0804402001,38799,15669
0804402002,40011,15340
0804501001,37179,17217
0804601001,41281,16201
0804601002,60557,20521
0804601003,40313,15665
0804602001,38789,14927
0804602002,43971,15791
0804602003,61744,21039
0804602004,45555,16780
0804602005,46001,15784
0804603001,41912,15550
0804603002,36708,14192
0804701001,33658,14571
0804701002,37972,15962
0804701003,38651,15546
0804702001,39856,14891
0804801001,38632,15023
0804901001,35825,15124
0805001001,43661,16210
0805101001,43617,16406
0805101002,44795,16852
0805101003,39018,14890
0805101004,39538,14930
0805101005,47092,17666
0805101006,49285,16698
0805101007,37170,14263
0805101008,37911,15033
0805101009,51869,18109
0805101010,50806,16759
0805101011,46532,16570
0805101012,44344,15382
0805101013,43871,15770
0805101014,56922,18643
0805201001,35931,15429
0805301001,35951,13608
0805301002,33688,13991
0805401001,44582,15993
0805401002,40649,14666
0805401003,44697,15538
0805401004,49148,17246
0805401005,46717,15994
0805401006,43330,14966
0805501001,41470,16449
0805601001,32382,11298
0805601002,36247,12699
0805601003,56303,19457
0805601004,37255,12876
0805601005,34900,12365
0805601006,40289,14575
0805601007,49592,18541
0805601008,61986,19982
0805601009,37156,13245
0805601010,51204,16838
0805602001,36403,14342
0805602002,42564,15300
0805602003,36959,13934
0805602004,43206,16572
0805602005,54644,20173
0805602006,37913,14527
0805602007,36149,12949
0805603001,34599,12282
0805603002,73911,23293
0805603003,38980,13491
0805603004,52715,19255
0805603005,65307,23131
0805603006,68602,23036
0805604001,66554,21939
0805604002,52394,19744
0805604003,60069,21275
0805604004,46373,18360
0805604005,71526,23070
0805604006,43516,17676
0805604007,47158,17743
0805605001,41358,16660
0805605002,59919,22537
0805605003,45591,18359
0805605004,62517,22537
0805605005,65451,21245
0805605006,56576,20999
0805605007,48763,18740
0805701001,37179,17217
0805801001,35893,14505
0805901001,48901,17782
0806001001,35069,15586
0806101001,40728,15199
0806201001,49633,17077
0806301001,52527,18610
0806401001,34932,14130
0806401002,39700,15801
0806501001,39938,14750
0806601001,51478,17767
0806701001,39136,15867
0806701002,36034,15104
0806701003,39086,15381
0806701004,38211,15001
0806801001,43661,16438
0806801002,43678,16343
0806801003,52229,17927
0806801004,53102,18143
0806801005,53154,18392
0806901001,57727,20453
0806901003,49490,17747
0806901004,68598,22386
0807001001,40081,14293
0807101001,41888,16412
0807201001,48224,16801
0807201002,45644,16265
0807201003,34624,13043
0807201004,60170,21066
0807201005,49485,16959
0807201006,45719,16439
0807201007,62088,21009
0807201008,59885,20262
0807201009,44931,16826
0807201010,45811,16686
0807201011,48111,16517
0807301001,39852,15727
0807301002,42127,17028
0807301003,35378,13841
0807301004,38782,15628
0807301005,38841,15410
0807301006,40523,16533
0807301007,45147,18206
0807301008,41280,16096
0807301009,37890,15239
0807301010,37973,15979
0807301011,33634,13519
0807301012,35321,13197
0807301013,38909,15564
0807301014,43622,17383
0807302001,44774,17195
0807302002,37485,14735
0807302003,48865,18143
0807302004,49222,17233
0807303001,40835,16109
0807303002,30763,12885
0807303003,35294,13533
0807303004,51893,19909
0807303005,41725,17218
0807303006,39883,15715
0807303007,36574,14276
0807303008,39173,14838
0807303009,32904,12200
0807303010,45651,16914
0807304001,39172,15657
0807304002,35204,14209
0807304003,38809,15800
0807304004,30248,12400
0807304005,31887,13877
0807304006,31143,13120
0807304007,34598,12898
0807304008,36264,13962
0807304009,33203,13353
0807304010,34195,13573
0807304011,34775,13618
0807304012,36375,13748
0807304013,35791,14360
0807304014,37253,14867
0807304015,37967,14113
0807304016,34225,14023
0807304017,33167,13386
0807304018,34647,13326
0807304019,34045,13108
0807305001,28372,10482
0807305002,25911,9421
0807305003,27442,10844
0807305005,26144,10166
0807305006,31424,11862
0807305007,26779,9430
0807305008,25474,8960
0807305009,36224,15349
0807305010,29472,11330
0807306001,28120,9925
0807306004,30308,11623
0807306005,27852,10410
0807306007,30634,11820
0807306008,26862,10355
0807306009,30543,13375
0807306010,26907,9727
0807306013,27591,10326
0807306014,29085,10562
0807306015,36658,15862
0807401001,32269,13185
0807401002,38952,14105
0807401003,38837,15869
0807401004,36096,14723
0807401005,45850,18692
0807401006,38628,14407
0807401007,30625,15463
0807401008,39163,15973
0807401009,32054,13780
0807401010,37579,15193
0807501001,47893,16578
0807501002,44483,15219
0807501003,41317,15951
0807601001,36495,14460
0807601002,38460,14853
0807601003,38913,15102
0807601004,39990,15308
0807601005,35289,14115
0807601006,53125,18024
0807602001,35094,13584
0807602002,44232,15955
0807602003,40575,15967
0807602004,43363,16863
0807602005,32226,12948
0807701001,67058,23981
0807701002,40983,16098
0807701003,48288,18706
0807701004,41380,16034
0807701005,44006,17230
0807702001,44729,18286
0807702002,37014,13880
0807702003,37892,14541
0807702004,41003,15945
0807702005,41556,15957
0807702006,50844,18705
0807703001,46807,17934
0807703002,38455,15145
0807704001,84946,28369
0807705001,98221,34765
0807707001,88325,30183
0807708001,42026,16466
0807708002,41085,16218
0807709001,41300,15951
0807709002,46648,17577
0807710001,34519,14005
0807710002,40474,14893
0807710003,35138,13340
0807710004,29766,10248
0807710005,29566,10447
0807710006,33020,12512
0807710007,35619,13557
0807710008,30175,10568
0807801001,47740,16032
0807901001,35613,16123
0808001001,37179,17217
0808101001,40764,14644
0808201001,37702,14307
0808301001,48980,17490
0808401001,44582,16381
0808501001,41618,15421
0808601001,50463,18083
0808601002,30901,10545
0808601003,32792,10962
0808601004,38032,14640
0808601005,39334,14006
0808601006,47004,16195
0808601007,43280,16051
0808601008,31453,11634
0808601009,39940,15253
0808601010,37860,13797
0808602001,51920,18556
0808701001,54233,22061
0808801001,42272,16660
0808801002,42527,15740
0808801003,41356,15070
0808801004,46701,19307
0808802001,67413,21831
0808802002,42333,16293
0808802003,42470,16440
0808802004,55855,19132
0808802005,51671,19037
0808802006,39555,16039
0808901001,41252,15210
0808901002,43621,17463
0808901003,38779,15212
0808901004,38736,15043
0808901005,35465,13238
0808901006,42496,14906
0808901007,51792,20756
0808901008,77242,25730
0808902001,43765,16586
0808902002,52351,20400
0808902003,42087,16088
0808902004,35801,13562
0808902005,39977,13640
0808902006,32652,12867
0808902007,38302,14019
0808902008,39626,15231
0808902009,40513,15126
0808902010,35907,12898
0808903001,38072,14612
0808903002,37644,14345
0808903003,41165,15111
0808903004,36050,13903
0808903005,34186,12044
0808903006,37485,14749
0808903007,47897,16615
0808903008,42040,14751
0808903009,54236,18361
0808904001,41264,15868
0808904002,33812,12579
0809001001,48231,17639
0809101001,43230,16306
0809101002,37088,14453
0809102001,38442,15388
0809201001,36967,15092
0809202001,33481,14120
0809202002,34832,13957
0809202003,33499,14141
0809301001,37179,17217
0809401001,41455,15475
0809501001,.,.
0809601001,48075,20404
0809601003,44162,16789
0809601004,42246,16566
0809601005,43854,18563
0809601006,27391,10038
0809601009,30612,10483
0809601010,34094,12429
0809601011,36830,12651
0809602001,44108,17252
0809602002,47681,19455
0809602003,47224,19041
0809602004,34626,12279
0809602005,38307,13979
0809602006,43125,16080
0809602007,37357,14204
0809603001,46485,18538
0809603002,36694,13093
0809603003,34390,13456
0809603004,47591,17420
0809603005,37695,15795
0809603006,47699,18387
0809603007,35482,12979
0809603008,33134,11703
0809603009,54196,19193
0809603010,44377,15718
0809604001,47840,18760
0809604002,37601,14347
0809604003,31829,12389
0809604004,34326,12361
0809604006,35491,13784
0809604007,43138,16564
0809604008,33162,13031
0809604009,32168,12356
0809604010,48318,17531
0809604011,45520,18267
0809701001,42460,16525
0809801001,48869,16780
0809801002,35325,13579
0809901001,31200,14766
0810001001,61550,18111
0810001002,73650,22208
0810101001,44499,17235
0810101002,35922,14403
0810101003,39274,15113
0810101004,42972,17306
0810101005,40321,16522
0810101006,35540,14699
0810101007,37304,14526
0810101008,41893,17295
0810101009,41131,17027
0810101010,36200,15389
0810101011,43924,18264
0810101012,45340,16967
0810101013,47352,19097
0810101014,34050,13728
0810101015,36337,14564
0810101016,34811,13837
0810101017,36585,14334
0810101018,34857,13102
0810101019,36093,15301
0810101020,39771,15306
0810101021,30557,11225
0810101022,33642,13252
0810101023,38340,15458
0810101024,40502,16753
0810101025,34297,13430
0810101026,32899,12962
0810101027,35137,14046
0810101028,35958,14001
0810101029,36515,14094
0810101030,37350,14898
0810101031,33063,13139
0810101032,38763,15913
0810101033,42750,17295
0810101034,41572,16311
0810101035,37842,15234
0810101036,35088,14053
0810101037,39810,14690
0810101038,38884,15780
0810101039,34204,13001
0810101040,29878,10576
0810101041,54477,18884
0810102001,41510,16118
0810102002,28729,9887
0810102004,29643,10706
0810102005,36230,13449
0810102007,34555,12012
0810102008,39590,16860
0810102009,33929,12577
0810102010,32232,13680
0810102011,27502,9330
0810102012,30457,10415
0810102013,29637,9802
0810102014,30999,10452
0810102016,31882,11268
0810102017,30449,10169
0810102020,30501,10634
0810102021,30384,10192
0810102023,31611,10094
0810102024,30191,10533
0810102026,33073,11640
0810102028,27588,9297
0810102029,30146,9118
0810102031,28934,9463
0810102032,29605,10194
0810102033,27528,9716
0810102034,29811,11179
0810102036,28366,10231
0810102037,29503,10179
0810102038,30813,11158
0810102039,31329,11972
0810102040,30846,9854
0810102042,28742,9837
0810102043,32753,11708
0810102045,28909,9840
0810102046,30260,9420
0810102047,30544,9898
0810102048,31438,10615
0810102049,31619,11500
0810103001,32428,13661
0810103002,31720,12776
0810103003,29907,12353
0810103004,38936,15468
0810103005,39275,14907
0810103006,35240,13210
0810103007,39776,16787
0810103008,41428,16063
0810103009,39005,15268
0810103010,33526,12989
0810103011,34715,12323
0810103012,33553,13951
0810103013,37667,14276
0810103014,37445,14086
0810103015,36891,14386
0810103016,44300,17968
0810103017,32340,10959
0810103018,42650,16181
0810103019,41274,15588
0810103020,43647,16293
0810103021,41803,16417
0810103022,34350,12592
0810103023,37918,14097
0810103024,34393,12484
0810103025,40487,16399
0810103026,49065,18328
0810103027,45375,17304
0810103028,46963,16338
0810103029,43330,16028
0810104001,34631,11712
0810104002,28660,9779
0810104003,34073,12034
0810104004,32165,10168
0810104005,29064,10059
0810104006,30835,10648
0810104007,27696,9272
0810104009,28927,9949
0810104010,35184,12258
0810104011,32090,11236
0810104012,31212,11715
0810104014,27382,8983
0810104016,28377,9198
0810104018,31626,10283
0810104019,27862,9008
0810104020,30806,9861
0810104021,31414,10168
0810104022,30323,9174
0810104023,30856,9562
0810104025,30652,10437
0810104026,28779,9538
0810104027,25947,8479
0810104030,32759,9940
0810104031,28205,8586
0810104032,30948,10670
0810104033,25571,8219
0810104035,22882,8112
0810104036,30581,9684
0810104037,28877,9609
0810104040,32799,10923
0810104041,34045,12505
0810105001,36250,14927
0810105002,32008,11619
0810105003,35334,15150
0810105004,30087,13192
0810105005,32260,13814
0810105006,35648,14075
0810105007,32801,11510
0810105008,29851,10055
0810105010,30783,10970
0810105011,30724,10198
0810105013,27556,9355
0810105014,28702,9701
0810105017,27782,8934
0810105018,29391,10265
0810105020,30906,10857
0810105021,33717,14360
0810105023,31757,10935
0810105024,27237,8768
0810105025,29168,9666
0810105026,28376,9468
0810105028,31705,11267
0810105029,28787,10000
0810105030,35299,12673
0810105031,29321,10158
0810105032,29558,10898
0810105033,28554,9738
0810105034,30007,10214
0810105035,36654,13893
0810105037,31436,11356
0810105038,31635,10848
0810106001,34456,13028
0810106002,32534,11909
0810106005,37713,14433
0810106006,31241,11585
0810106007,30707,11987
0810106008,33338,13040
0810106009,35256,13431
0810106010,35069,13344
0810106011,33659,12440
0810106012,32029,13314
0810106013,32983,13267
0810106014,34512,14101
0810106015,33719,14317
0810106016,34026,11887
0810106017,34901,13274
0810106018,44919,17038
0810106019,34702,13804
0810106021,36085,14207
0810106022,34908,14009
0810106023,34604,13900
0810106024,36073,13778
0810106025,36688,14526
0810106026,34329,13426
0810106027,37190,15187
0810106030,35667,13639
0810106031,34718,13541
0810106032,34602,12689
0810201001,29733,11934
0810202001,38026,16009
0810202002,33898,14654
0810202003,42133,16321
0810203001,34052,12713
0810203002,51691,17739
0810203003,37369,15685
0810203004,40738,16047
0810203005,29946,11866
0810203006,44777,16400
0810203007,44884,16908
0810203008,41869,15513
0810203009,49167,17729
0810203010,49627,16756
0810204001,33048,13219
0810204002,36645,14777
0810204003,33247,14408
0810204004,38701,15071
0810204005,40130,16364
0810205001,34729,13145
0810205002,34233,13110
0810205003,36380,14451
0810205004,39423,15165
0810205005,25734,9681
0810205007,36381,14657
0810301001,41289,16375
0810401001,36459,15198
0810501001,35520,13712
0810501002,35680,14027
0810501003,33654,12365
0810501004,33875,13297
0810501005,31607,11865
0810501006,29340,11473
0810501007,30706,11651
0810501008,42239,15342
0810501009,41922,14750
0810601001,35968,14068
0810601002,35555,13996
0810602001,46219,17419
0810602002,47407,16945
0810602003,48661,17474
0810602004,49765,16753
0810701001,47024,17011
0810701002,45781,16922
0810701003,49468,16209
0810701004,45196,14655
0810701005,47451,16110
0810701006,45878,15742
0810701007,53877,17804
0810701008,47368,16221
0810701009,43419,14826
0810701010,46225,15675
0810801001,51367,17455
0810801002,55123,18453
0810801003,53705,18593
0810801004,41445,15032
0810901001,37230,14059
0811001001,35110,14115
0811001002,33783,14127
0811001003,32677,12332
0811001004,32592,12296
0811001005,33916,13092
0811001006,34997,13483
0811002001,38415,15271
0811002002,34637,14060
0811002003,31322,14186
0811101001,63734,20366
0811201001,41209,15031
0811201002,33452,12930
0811202001,38996,14523
0811202002,37834,13273
0811202003,34635,12520
0811202004,33578,11309
0811203001,38270,13099
0811203002,35972,12040
0811203003,31412,10014
0811203004,39022,13278
0811204001,37484,13624
0811204002,41575,15381
0811301001,26077,11277
0811301002,26562,11025
0811302001,38247,16403
0811302002,42558,18411
0811302003,39225,15722
0811302004,41666,17530
0811302005,36753,15091
0811302006,35367,14077
0811302007,36593,15350
0811302008,31771,13341
0811302009,31902,11691
0811302010,43054,17738
0811302011,39470,16681
0811302012,47542,18462
0811302013,33070,12959
0811302014,35958,14211
0811303001,25868,11401
0811303002,25783,11462
0811303004,30490,12119
0811303005,32900,12775
0811303006,31676,12122
0811304001,32148,13530
0811304003,31292,12845
0811304004,41919,16720
0811304005,36470,14489
0811304006,34269,14110
0811304007,38473,15276
0811304008,35173,14256
0811304009,35374,14065
0811304011,32567,13115
0811304012,34554,13500
0811304013,37633,14286
0811304014,46630,18853
0811304015,41389,15832
0811305001,29135,11126
0811305002,26225,10254
0811305003,35177,13772
0811305004,35249,13246
0811305005,32284,12601
0811305006,32206,12400
0811305007,30748,11462
0811305008,44864,16035
0811305010,28236,12464
0811305011,34922,13000
0811305012,31766,12385
0811305013,36723,14784
0811305014,36115,14138
0811305015,27357,12226
0811305017,48251,17436
0811305018,35763,13917
0811306001,23143,9431
0811306002,41397,15782
0811401001,36204,13020
0811401002,33517,10626
0811401003,35879,12402
0811402003,34909,11702
0811403002,31429,11567
0811403004,30949,11702
0811403005,32083,10317
0811403006,36559,12043
0811403007,41370,15895
0811403008,47896,16837
0811403010,49780,18130
0811404001,50801,17539
0811404002,50823,18052
0811404003,42794,15489
0811404004,42075,15468
0811501001,37939,14276
0811501002,48723,18757
0811501003,37689,14521
0811601001,47303,16699
0811701001,43905,15907
0811702001,40738,15313
0811801001,59297,21455
0811801002,47274,18209
0811801003,43741,17890
0811801004,52981,19842
0811801005,43807,17282
0811801006,39489,15033
0811801007,44683,16973
0811801008,36171,14166
0811801009,43690,18477
0811801010,54310,20730
0811802001,50270,19604
0811802002,53960,20918
0811802003,40639,16047
0811802004,44292,17768
0811901001,39793,14427
0811901002,39516,14748
0812001001,88404,26700
0812001002,68613,22612
0812001003,82277,25152
0812001004,79120,24626
0812101001,42820,19050
0812101002,46196,19077
0812101003,47931,20381
0812101004,48362,20384
0812101005,49287,19947
0812101006,46830,19827
0812101007,44599,18132
0812101009,45146,18886
0812102001,43850,18063
0812102002,33174,14109
0812102003,33781,13224
0812102004,26167,8521
0812102005,42248,15535
0812102007,38378,15905
0812102008,45355,18324
0812102009,41851,17602
0812102010,36562,15431
0812102011,40414,16753
0812102012,37506,15055
0812103001,30695,10053
0812103002,25652,7433
0812103003,28785,9423
0812103004,28049,8750
0812103005,26904,8988
0812103006,42685,14964
0812103007,30472,11435
0812103008,30590,12009
0812103009,35168,13136
0812103010,43104,18088
0812103011,33700,13532
0812103012,59354,19462
0812103013,42460,14935
0812103014,45359,15674
0812104001,33691,12997
0812104002,30774,11255
0812104003,29224,11032
0812104004,39500,14507
0812104005,37055,14160
0812104006,43863,16487
0812104007,33145,11937
0812104008,48197,17455
0812104009,36014,13576
0812105001,37985,13920
0812105002,30633,11050
0812105003,30928,10779
0812105004,33688,12667
0812105005,29770,11176
0812105006,30205,10465
0812105007,29789,11284
0812105008,29600,9833
0812105009,29039,10182
0812105010,27236,8254
0812105011,27697,8986
0812105012,31620,10600
0812105013,28123,9913
0812105015,30134,10873
0812105016,30317,11228
0812105017,28035,9072
0812105019,30459,10434
0812105020,27635,9399
0812105021,39821,14176
0812106001,39195,16021
0812106002,45113,18056
0812106003,42037,17372
0812106004,41047,16525
0812106005,33100,13248
0812106006,37022,15270
0812106007,34272,13351
0812106008,34910,14018
0812106009,34020,14342
0812106010,34459,13001
0812106011,39145,15909
0812106012,31207,11629
0812106013,33928,14015
0812106014,36067,14821
0812201001,34133,14122
0812301001,39092,16790
0812301002,41673,17536
0812301003,38974,16312
0812302001,43417,16070
0812302002,43401,17052
0812302003,35046,13979
0812302004,41736,15305
0812303001,46014,17158
0812303002,57974,21869
0812303003,57606,21173
0812303004,45004,16504
0812304001,39326,15387
0812401001,32704,13679
0812401002,32615,13194
0812401003,33031,12765
0812401004,41300,17048
0812401005,36741,13878
0812401006,35191,13456
0812401007,37469,13596
0812402001,36556,14839
0812402002,41950,16813
0812402003,35534,13991
0812402004,38543,14191
0812402005,39741,15926
0812402006,34312,13348
0812402007,39582,15201
0812402008,41293,17188
0812402009,52144,18425
0812403001,34369,13469
0812403002,33955,13277
0812403003,39412,15550
0812403004,39564,15782
0812403005,50724,18447
0812403006,26328,8498
0812403007,29211,12004
0812403008,33707,13742
0812403009,34774,13896
0812403010,37259,14462
0812403011,42660,14727
0812403012,36344,13557
0812403013,43892,15064
0812403014,38059,14500
0812403015,38143,13815
0812501001,36119,14517
0812501002,40302,15203
0812501004,32767,12775
0812501005,38513,14361
0812502001,23817,7985
0812502002,37205,14825
0812502003,39159,15841
0812503001,37089,13990
0812503002,41010,14353
0812503003,34552,13793
0812503004,48718,16733
0812503005,40415,15243
0812503006,43207,15969
0812504001,42942,16271
0812504002,43163,15700
0812504003,46663,16024
0812505001,29924,11030
0812505002,30322,11787
0812505003,29132,10064
0812506001,40429,14123
0812506002,39125,13648
0812506003,32618,12602
0812601001,55489,19467
0812601002,38208,15299
0812601003,40701,16459
0812601004,43079,17718
0812701001,31786,12999
0812701002,34688,14358
0812801001,35148,14567
0812901001,45143,16724
0813001001,39040,14224
0813101001,33745,14255
0813201001,37278,13507
0813301001,45294,15175
0813401001,37388,15831
0813501001,41109,15397
0813501002,35488,13872
0813501003,41130,15461
0813501004,35370,13969
0813501005,41447,15887
0813601001,41277,14513
0813601002,34950,13634
0813601003,37466,14322
0813601004,43126,15764
0813601005,44685,16246
0813601006,49562,17213
0813601007,45474,16651
0813602001,24307,8204
0813602002,32817,12510
0813602003,28283,10396
0813701001,44358,18893
0813801001,41361,15891
0813801002,35476,14124
0813801003,38564,14634
0813901001,38011,17828
0814001001,33155,14149
0814001002,39445,16095
0814001003,45278,16948
0814101001,36949,15951
0814101002,34698,14258
0814101003,35177,13994
0814101004,39161,15769
0814102001,40742,14435
0814201001,36288,14515
0814301001,41038,14868
0814301002,34662,13335
0814401001,35552,14783
0814501001,43355,15073
0814501002,43323,16137
0814601001,43151,15674
0814601002,40135,15089
0814701001,35506,12669
0814701002,38638,14739
0814701003,39757,14574
0814701004,45332,16711
0814701005,40571,15157
0814701006,36294,14031
0814701007,35630,13953
0814701008,36685,13990
0814701009,46248,16506
0814701010,36414,13686
0814701011,46882,15425
0814701012,39238,14699
0814801001,38849,13514
0814801002,41252,14605
0814901001,43255,17238
0815001001,50215,16786
0815101001,43733,16081
0815201001,41855,15760
0815301001,45125,16837
0815401001,55356,19228
0815501001,37013,13697
0815501002,37148,14063
0815501003,31072,12258
0815501004,36318,13891
0815501005,35119,13755
0815501006,39297,14785
0815601001,38387,13969
0815601002,49827,16609
0815601003,51048,17850
0815601004,48408,16792
0815601005,50342,18268
0815601006,49042,17180
0815601007,50699,17174
0815601008,45059,15857
0815601009,46098,15231
0815701001,46994,17051
0815701002,39219,14290
0815701003,41679,16263
0815701004,68392,22378
0815701005,44465,16252
0815801001,47826,17575
0815801002,38713,15072
0815901001,42220,16037
0815901002,43826,15405
0815901003,45682,16832
0815901004,42160,16093
0815902001,41437,15927
0815902002,43665,16629
0815902003,39890,15517
0815902004,47039,17147
0815902005,51770,18039
0815902006,47088,16453
0815902007,44276,15521
0816001001,40832,16003
0816101001,36507,14043
0816101002,34542,12746
0816101003,36284,12992
0816101004,35918,13051
0816101005,38560,14172
0816101006,38321,13977
0816101007,37126,14273
0816101008,38613,14253
0816101009,37131,14086
0816201001,39013,14873
0816301001,32034,12957
0816301002,32642,14284
0816301003,40393,14947
0816301004,30943,12749
0816301005,35238,13741
0816301006,28697,12715
0816301007,33476,13405
0816301008,27403,10346
0816301009,29348,12430
0816301010,30981,13787
0816301011,33884,13814
0816301012,29186,10284
0816301013,32272,12656
0816301014,30936,12099
0816401001,34660,14389
0816501001,40052,14893
0816601001,33909,15731
0816701001,40311,14469
0816701002,36646,13533
0816701003,45441,15417
0816701004,44092,14985
0816701005,41777,15687
0816801001,29482,12920
0816901001,44378,16869
0816901002,48666,18831
0816901003,46243,18772
0816901004,36351,14361
0816901005,39496,15552
0816902001,40106,16000
0816902002,42324,16845
0816902003,35841,14126
0816902004,36513,13656
0816902005,36771,15413
0816902006,43258,16467
0816902007,39795,15538
0816903001,43071,17130
0816903002,39607,14594
0816903003,37194,14181
0816903004,32760,12989
0816903005,38425,15084
0816903006,37759,14871
0816903007,37834,15180
0816903008,38166,13652
0816903009,37420,14362
0816903010,39709,14727
0816903011,42381,15157
0816903012,43056,15457
0816903013,46419,16373
0816904001,33439,14159
0816904002,32041,11692
0816904003,30408,10776
0816904004,30872,10323
0816904005,29883,10146
0816904006,22421,6366
0816905001,36774,14727
0816905002,37006,14510
0816905003,33582,13596
0816905004,45242,16692
0816905005,35167,14523
0816905006,39972,14977
0816905007,37239,14174
0816905008,47071,17619
0816905009,48045,17173
0817001001,36471,15208
0817101001,41643,15674
0817101002,36971,14831
0817201001,46559,18003
0817201002,41363,16644
0817201003,41690,16799
0817202001,40498,16827
0817202002,30993,12221
0817202003,33304,12594
0817202004,30485,10574
0817203001,39851,15930
0817203002,33183,12566
0817203003,39405,14945
0817203004,45045,16598
0817203005,27395,10841
0817203006,49729,19129
0817203007,47300,17456
0817203008,47170,18075
0817203009,58796,22086
0817401001,41157,14822
0817501001,33661,14309
0817501002,36068,14764
0817502001,36184,16401
0817601001,43414,16306
0817701001,37179,17217
0817801001,51854,18856
0817901001,40737,15538
0818001001,35794,13631
0818001002,39544,15167
0818001003,36006,14316
0818001004,33300,13563
0818001005,35543,13198
0818001006,29559,11724
0818001007,30912,11927
0818001008,36142,13574
0818001009,44623,16730
0818001010,41105,15396
0818001011,42705,15547
0818001012,40668,14783
0818001013,43330,15526
0818002001,32744,12871
0818002002,37859,13936
0818002003,33258,12222
0818002004,33677,13387
0818002005,28570,10684
0818002006,30426,12227
0818002007,30203,10606
0818101001,63185,21537
0818101002,41509,16676
0818101003,42042,15909
0818101004,50539,18102
0818101005,45953,16950
0818201001,36398,13713
0818301001,37458,14490
0818301002,42406,15691
0818301003,36653,13492
0818302001,36825,14492
0818401001,47506,16316
0818401002,34165,12777
0818401003,41438,15107
0818401004,50504,17111
0818402001,42058,14563
0818402003,44108,15035
0818402004,44180,15995
0818402005,42428,14727
0818402006,43495,15138
0818403001,45491,15850
0818403003,29358,10411
0818403004,30685,10692
0818403005,35967,13438
0818403006,33453,12136
0818403007,37640,14346
0818403008,29332,10220
0818403009,46949,16204
0818404001,37332,14011
0818404002,37731,14775
0818404003,37730,14269
0818404004,35354,13660
0818404005,40862,15334
0818404006,36017,13446
0818404007,37268,14384
0818404008,35032,12583
0818404009,40029,14827
0818404010,36200,13212
0818404011,36031,13884
0818404012,34168,13429
0818404013,34661,12093
0818404014,39945,15326
0818404015,32383,12742
0818404016,38568,13174
0818404018,35157,13262
0818404019,32914,11650
0818404020,35183,13650
0818404021,45935,15698
0818404022,47404,17228
0818404023,34149,12512
0818404024,40539,14967
0818404025,34923,12661
0818404026,36977,14222
0818501001,51062,15359
0818701001,47404,21702
0818701002,62295,24391
0818701003,50309,20142
0818701004,55705,21659
0818701005,51940,20678
0818701006,66636,25734
0818701007,52071,20591
0818701008,52882,21057
0818701009,55918,22141
0818701010,58794,22646
0818701011,53832,21390
0818701012,44793,18366
0818701013,44858,18084
0818701014,49518,19792
0818701015,54154,21275
0818701016,49962,19946
0818701017,40979,16619
0818701018,40900,15695
0818701019,44991,18148
0818701020,42695,17240
0818701021,32283,14641
0818701022,43094,18003
0818701023,34145,13418
0818701024,37080,14504
0818701025,34690,13493
0818701026,39778,16768
0818701027,34490,13927
0818701028,47665,18101
0818701029,44210,17357
0818701030,51120,21747
0818701031,49969,20646
0818701032,50523,21019
0818701033,39850,15844
0818701034,39220,16713
0818701035,35542,14901
0818701036,53009,22735
0818701037,57491,22230
0818701038,40998,16862
0818702001,49377,20885
0818702002,46616,18913
0818702003,36122,15656
0818702004,43242,17412
0818702005,44181,18022
0818702006,36141,14942
0818702007,37771,16397
0818702008,45052,17888
0818702009,47628,18927
0818702010,44614,18188
0818702011,28622,9990
0818702012,31538,11051
0818702013,28548,9493
0818702014,23898,7122
0818702015,33815,13223
0818702016,43838,19576
0818702017,50167,21231
0818703001,33271,12263
0818703002,33704,12793
0818703003,32472,12276
0818703004,32252,11882
0818703005,31724,12967
0818703006,32503,12760
0818703007,29930,11780
0818703008,32884,11834
0818703009,30487,10600
0818703010,35039,14208
0818703011,27908,10865
0818703012,33623,12175
0818703013,30933,12160
0818703014,29654,10708
0818703015,32259,12379
0818703016,26777,9452
0818703017,26518,11109
0818703018,28993,11815
0818703019,41111,16576
0818703020,35780,13053
0818703021,27519,11492
0818703022,26010,10775
0818703023,36702,14487
0818703024,36577,14837
0818703025,35654,13713
0818703026,47519,16914
0818703027,32680,12686
0818704001,36876,13909
0818704002,29308,11447
0818704003,33168,12794
0818704004,34235,13465
0818704005,36589,14176
0818704006,40159,16099
0818704007,38658,15015
0818704008,39796,16072
0818704009,50452,18477
0818704010,27357,12697
0818704011,33467,12297
0818704012,30394,11239
0818704013,32274,12168
0818704014,35404,13669
0818704015,27483,11118
0818704016,35082,13392
0818704017,30702,12294
0818704018,31197,12034
0818704019,27329,11083
0818704020,29787,12294
0818704021,34629,12945
0818704022,38581,14875
0818704023,33981,12385
0818704024,40831,15055
0818704025,37347,14092
0818704026,49128,16733
0818704027,47827,16879
0818704028,56198,18965
0818704029,58437,19321
0818704030,42138,16276
0818705001,35514,14403
0818705002,42037,16725
0818705003,45697,18930
0818705004,37971,16062
0818705005,34774,14093
0818705006,38590,15064
0818705007,31308,11803
0818705008,24976,9734
0818705009,36415,14584
0818705011,25158,10161
0818705012,31320,12162
0818705013,39622,16319
0818705014,41110,15276
0818705015,45875,17972
0818705016,34897,13484
0818706001,29789,10904
0818706002,30850,11270
0818706003,32244,12409
0818706004,30897,11911
0818706005,30911,11709
0818706006,30407,11601
0818706007,24843,8812
0818706008,33961,14134
0818706009,28359,9919
0818706010,27325,9537
0818706011,27317,9810
0818706012,27172,9949
0818706013,26332,9996
0818706014,32965,13205
0818706016,33126,13100
0818706017,32329,12619
0818706018,25874,10138
0818706020,33104,12588
0818706021,31842,11627
0818706022,31550,11623
0818706023,33895,13416
0818706024,30743,11798
0818706025,25695,9544
0818707001,27447,10636
0818707002,28687,10014
0818707003,26045,9284
0818707004,29038,10191
0818707005,31953,12081
0818707006,30338,11372
0818707007,32857,12224
0818707008,26290,9650
0818801001,58110,15778
0818901001,52822,18912
0819001001,42713,20502
0819101001,32523,14316
0819101003,37001,15619
0819101004,36612,15012
0819101005,39856,15654
0819101006,36412,14519
0819201001,35077,14660
0819201002,42651,15996
0819201003,46769,17458
0819201004,59646,19616
0819301001,39712,15319
0819401001,39783,15047
0819401002,38806,14431
0819401003,35498,12135
0819401004,38643,14583
0819401005,38129,14821
0819401006,40218,15583
0819402001,35179,12819
0819402002,31997,11677
0819402003,39302,13772
0819402004,34241,13831
0819402005,39580,14878
0819403001,31752,11937
0819404001,42581,15942
0819405001,33224,12939
0819405002,29171,11691
0819405003,29444,11349
0819405004,29392,12012
0819406001,24726,8260
0819406002,23116,7981
0819406003,23723,7193
0819406004,23491,7601
0819406005,27533,10280
0819406006,24343,8362
0819406007,34459,12216
0819501001,40861,15370
0819601001,36185,14431
0819601002,36310,13688
0819601003,33840,13106
0819601004,36565,13861
0819601005,38584,15531
0819601006,35957,12891
0819601007,39316,15659
0819601008,45933,16170
0819601009,37552,13793
0819601010,33801,12924
0819601011,38325,13992
0819601012,57712,20022
0819601013,42202,16049
0819601014,46118,16242
0819701001,35355,15207
0819701002,52588,19754
0819701003,44716,15481
0819702001,74574,24690
0819702002,48628,18281
0819702003,62521,22793
0819801001,42825,16104
0819801002,51642,17846
0819801003,61073,21809
0819801004,35203,14605
0819901001,39984,14609
0820001001,28826,11472
0820001002,29460,12683
0820001003,29494,12763
0820001004,33043,12500
0820001005,41652,15960
0820001006,27592,12545
0820001007,31310,13823
0820002001,47626,16567
0820002002,34828,12586
0820002003,32745,12753
0820002004,34932,13471
0820002005,35669,13177
0820002006,39107,14263
0820002007,33012,13222
0820002008,38791,15549
0820002009,33802,13095
0820002010,40202,14958
0820002011,44060,16935
0820002012,38124,13884
0820002013,65408,22515
0820002014,37216,14413
0820002015,37298,13855
0820002016,50801,18066
0820002017,44666,16480
0820002018,48475,16601
0820002019,36234,15206
0820003001,41145,16649
0820003002,40724,15707
0820003003,38575,14935
0820003004,39427,15690
0820003005,38702,15014
0820003006,41452,15342
0820003007,39463,15284
0820003008,38261,15720
0820003009,30287,12054
0820004001,37138,14600
0820004002,41874,16110
0820004003,36236,14752
0820004004,37471,14825
0820004005,37326,14151
0820004006,33565,12972
0820004007,38610,14481
0820004008,38249,14859
0820004009,39276,15222
0820005001,46393,15880
0820005002,28278,10200
0820005003,28463,10040
0820006001,40130,13933
0820006002,31362,12531
0820006003,28818,10775
0820101001,37249,15930
0820201001,41480,16121
0820201002,48168,18109
0820201003,37355,14467
0820201004,31469,11212
0820201005,38290,14313
0820201006,39387,14511
0820201007,34916,13303
0820201008,48610,17320
0820201009,38809,14938
0820202001,37730,14073
0820301001,36977,14776
0820301002,41115,16284
0820401001,48062,16804
0820401002,44447,15431
0820501001,48602,18855
0820501002,50730,18813
0820501003,50309,18524
0820501004,66639,23074
0820501005,59333,20151
0820501006,43678,15641
0820501007,45357,16282
0820501008,45581,16649
0820501009,86928,28106
0820501010,40838,14708
0820501011,53987,19536
0820501012,84506,28861
0820501013,80961,25427
0820501014,69319,23677
0820501015,74787,23627
0820501016,70615,24394
0820501017,78736,23799
0820501018,65546,21499
0820501019,77188,24760
0820501020,62619,20482
0820501021,51029,18922
0820501022,44173,15690
0820501023,66353,22607
0820501024,66849,21423
0820502001,98221,34765
0820502002,51259,19612
0820502003,52273,19230
0820502004,67685,23364
0820502005,42009,15523
0820502006,96240,30198
0820502007,53294,19675
0820502008,93590,30400
0820502009,95485,31259
0820502010,87854,28010
0820502011,98221,34120
0820502012,90063,29492
0820503001,81621,24085
0820503002,96801,28270
0820503003,94108,28706
0820503004,80019,23578
0820504001,56831,19128
0820504002,60358,18711
0820504003,57498,18528
0820505001,98221,33321
0820505002,69837,21552
0820505003,91677,27941
0820505004,98221,29703
0820505005,78849,23004
0820505006,79284,24314
0820505007,63590,21448
0820505008,70751,21300
0820506001,50082,16524
0820601001,45949,15752
0820701001,46786,17073
0820701002,49462,17402
0820801001,43849,17635
0820801002,54379,19323
0820801003,50887,17174
0820801004,49413,17928
0820801005,53199,19208
0820901001,50269,17206
0820901002,42275,15367
0820901003,54611,18252
0820901004,50523,16962
0821001001,40598,15730
0821001002,39415,15628
0821002001,39412,14930
0821002002,35133,14017
0821101001,47091,18768
0821101002,48421,20029
0821101003,48366,17866
0821101004,56153,20089
0821101005,42365,16224
0821101006,41189,16476
0821101007,48100,18568
0821101008,64120,22811
0821102003,33827,12968
0821102004,37408,14368
0821102006,42400,14944
0821102007,39252,14538
0821102008,36138,14371
0821103001,35294,14756
0821103002,43989,17732
0821103003,48288,18621
0821103004,45316,17463
0821103005,40424,15949
0821104003,33197,13603
0821104006,33202,12639
0821104007,32354,13330
0821104008,34167,13039
0821105001,32586,13060
0821105002,32979,12139
0821105003,31810,12099
0821105004,33966,12268
0821105005,39189,15330
0821106004,51487,17934
0821107001,58741,19494
0821107002,69694,23321
0821107003,57974,18806
0821201001,38475,15427
0821301001,39839,15049
0821301002,39072,15384
0821301003,51680,18060
0821301004,83612,28040
0821301005,39014,15399
0821301006,34090,13110
0821401001,71638,24993
0821401002,33467,13427
0821401003,38923,15046
0821401004,54581,20347
0821402001,47882,17685
0821402002,50826,17591
0821501001,38890,15231
0821501002,38803,14642
0821501003,43676,16468
0821601001,37179,17217
0821701001,59930,22236
0821701002,41983,17185
0821701003,46095,17358
0821701004,54454,19246
0821701005,41326,15959
0821701006,37189,15211
0821701007,39084,15123
0821701008,42769,16338
0821701009,61530,20015
0821701010,62640,20517
0821702002,43731,16731
0821702003,32425,12518
0821702004,31694,12085
0821703001,32914,13140
0821703002,32690,12815
0821703003,31400,12464
0821703004,32519,12876
0821703005,32790,12352
0821704001,60011,20292
0821704002,61864,21808
0821705001,51774,19214
0821705002,64632,24039
0821706001,52737,19615
0821801001,37657,14322
0821801002,40731,14871
0821801003,38401,14849
0821801005,38626,15097
0821801006,39645,14904
0821901001,52758,19912
0821901002,44067,17720
0821901003,45510,17832
0821901004,57159,19959
0821901005,45458,18625
0821901006,53548,20494
0821902001,55101,21006
0821902002,62407,23122
0821902003,47931,19404
0821902004,54301,20826
0821902005,57793,21204
0821903001,47300,18609
0821903002,50581,18730
0821903003,37609,13343
0821903004,32638,11925
0822001001,46012,16834
0822001002,64985,22333
0822101001,75895,29178
0822101002,60594,23118
0822101003,58361,22808
0822101004,51809,20946
0822101005,74170,24461
0822101006,70592,24580
0822101007,58443,22051
0822101008,51193,21725
0822101009,98221,31020
0822101010,60548,22437
0822201001,41911,16015
0822301001,35927,14603
0822401001,35676,14410
0822501001,47498,17272
0822601001,45867,16028
0822701001,36531,13799
0822701002,42300,14858
0822801001,39235,15082
0822901001,39260,16327
0823001001,60401,21461
0823001002,53045,18570
0823001003,31673,11720
0823001004,62620,22105
0823001005,32532,12046
0823001006,69656,23930
0823101001,49702,18696
0823101002,44557,16984
0823101003,40935,15966
0823101004,32247,11408
0823101005,31834,11922
0823101006,29015,10690
0823101007,31680,11857
0823101008,49836,18661
0823101009,39907,14897
0823101010,31899,11999
0823101011,29448,11293
0823101012,46687,16879
0823101013,39486,14648
0823101014,45798,19514
0823101015,49684,17995
0823101016,41107,15772
0823101017,37075,13988
0823201001,38269,14941
0823301001,38086,14624
0823301002,40376,15239
0823401001,41102,15183
0823401002,45118,16155
0823401003,41835,15429
0823501001,48778,18823
0823501002,42830,17850
0823501003,38471,17317
0823601001,33990,12704
0823701001,38680,15634
0823701002,36727,15825
0823801001,51056,19905
0823801002,80112,27032
0823801003,42244,15846
0823801004,69338,22799
0823801005,57468,19625
0823801006,72748,24100
0823801007,71351,23345
0823801008,65335,22768
0823801009,59241,19255
0823801010,52321,19339
0823801011,41117,16209
0823801012,71076,24818
0823901001,51078,20462
0824001001,40788,16546
0824001002,38777,15459
0824001003,38536,13936
0824001004,53099,18010
0824002001,47229,18211
0824002002,42393,16105
0824002003,44900,16742
0824002004,45322,17414
0824101001,.,.
0824201001,32736,15326
0824301001,71607,21404
0824401001,47759,17350
0824401002,47218,17738
0824401003,46527,15789
0824401004,62082,19252
0824401005,45043,16045
0824501001,41383,16056
0824501002,50196,19754
0824501003,28783,10760
0824501004,31751,11666
0824501005,35076,12364
0824501006,32179,12132
0824501007,28309,9330
0824501009,31541,11299
0824501010,30628,10101
0824501011,32131,12853
0824501012,34675,13433
0824501013,39436,14927
0824501014,43327,16498
0824501015,37348,14120
0824501016,39999,16044
0824501017,33610,13735
0824501018,35612,14185
0824501019,34051,14033
0824502001,30679,11963
0824502002,34949,13911
0824502003,35265,12665
0824502004,30242,10578
0824502005,31125,11377
0824502006,30801,11699
0824502007,36418,13121
0824502008,31661,11464
0824502009,31896,11633
0824502010,29741,11436
0824502011,30521,10939
0824503001,32121,12319
0824503002,33103,13452
0824503003,29137,10720
0824503004,30903,11519
0824503005,29461,10949
0824503006,33423,12141
0824503007,33510,13566
0824503008,34807,12742
0824503009,33541,13367
0824503010,39840,14985
0824503011,36391,13724
0824503012,34182,13034
0824503013,33903,13338
0824503014,31652,11797
0824503015,49163,16559
0824503016,30771,12925
0824503017,37314,14237
0824504001,37261,14857
0824504002,41597,16337
0824504003,38198,14291
0824504004,35902,14751
0824504005,33606,13842
0824504006,32636,13570
0824504007,34373,13473
0824504008,35466,13934
0824504009,32838,13499
0824504010,33483,12812
0824504011,33999,12111
0824504012,31269,11718
0824504013,35968,14194
0824504014,33604,12777
0824504015,29032,10590
0824504016,32956,12953
0824505001,27266,9409
0824505002,29384,10902
0824505003,32369,11149
0824505004,31999,11378
0824505005,27798,10272
0824505006,28239,9534
0824505007,28415,10274
0824505008,28786,9337
0824505009,29791,10433
0824505011,28191,9282
0824505012,27813,8884
0824505013,28571,9264
0824505014,31805,10953
0824505015,29222,9759
0824505016,33540,12656
0824505018,24673,7712
0824505019,31969,11762
0824506002,30051,10114
0824506003,29501,9604
0824506004,30098,11166
0824506005,29749,9581
0824506008,29622,9489
0824506009,27364,8683
0824506011,27865,8054
0824506012,27290,8261
0824506014,26337,8181
0824601001,40183,15475
0824701001,43934,16023
0824801001,42578,15447
0824801002,47809,16359
0824801003,49809,16942
0824801004,43013,15389
0824901001,46579,16084
0825001001,45616,17066
0825001002,31722,11411
0825001003,32494,12437
0825001004,33217,12978
0825001005,30464,11329
0825001006,29735,10742
0825001007,29415,10260
0825101001,37525,14801
0825101002,37627,13733
0825101003,35852,12993
0825101004,33888,12441
0825201001,40689,14850
0825201002,42756,15305
0825201003,32594,12320
0825201004,32986,12544
0825201005,34675,12600
0825201006,36226,13597
0825201007,45876,17178
0825201008,34253,13335
0825201009,36354,13350
0825201010,47320,17346
0825201011,48606,16137
0825201018,33326,13337
0825201019,37390,13950
0825201020,32522,12683
0825201021,40128,13905
0825201022,50385,17786
0825201023,55504,18700
0825201024,34003,13051
0825201025,41604,15722
0825201026,43669,15830
0825201027,41977,16418
0825201028,46165,16761
0825201029,48270,16759
0825301001,32252,15143
0825401001,40601,16157
0825501001,48681,15947
0825601001,47495,16899
0825701001,36541,15623
0825801001,37872,15085
0825901001,35246,13540
0825901002,44156,15928
0825901003,45314,16309
0825901004,44539,17048
0826001001,34610,13247
0826001002,38133,14230
0826001003,39677,15116
0826001004,28491,9608
0826001005,35694,12155
0826001006,34874,13686
0826001007,44761,15613
0826001008,44695,15629
0826001009,44998,16910
0826001010,44134,16809
0826001011,40283,15264
0826001012,38495,14245
0826001013,59883,17872
0826001014,43240,15489
0826001015,36936,14164
0826001016,50701,16646
0826101001,42392,15378
0826101002,37433,13320
0826201001,35107,13775
0826201002,36287,13538
0826201003,34959,14074
0826202001,33495,12827
0826202002,35001,12893
0826301001,41256,15406
0826301002,41119,15662
0826301003,41075,14942
0826301004,40704,14758
0826301005,40276,14662
0826301006,37978,14059
0826301007,41441,14695
0826301008,36244,13804
0826301009,34539,14102
0826301010,37407,14232
0826301011,40200,14721
0826301012,29386,11409
0826302001,34443,11385
0826302002,35802,12486
0826302003,38542,12555
0826303001,37564,13084
0826303002,39785,13132
0826304001,42052,14433
0826304002,46075,15536
0826304003,47008,16446
0826401001,65199,22392
0826401002,49975,19780
0826401003,62274,19763
0826401004,61514,22497
0826501001,43041,16621
0826601001,38511,14552
0826601002,40625,16387
0826601003,39486,15243
0826601004,29461,12963
0826601005,31163,13115
0826601006,51627,18295
0826601007,45050,17578
0826601008,39405,15610
0826601009,40916,16203
0826601010,42083,14908
0826601011,46897,15898
0826601012,36419,14978
0826601013,51743,18724
0826601014,54666,19215
0826601015,34768,14043
0826601016,37070,14901
0826601017,30506,12366
0826601018,41327,16500
0826601019,36919,14823
0826601020,97723,29134
0826601027,32061,12921
0826601028,60349,22506
0826601029,53598,19543
0826601030,49053,19211
0826601031,33480,13886
0826601032,58278,21407
0826601033,35743,13787
0826601034,37190,15760
0826601035,54384,18925
0826601036,45987,16764
0826601037,44338,17716
0826601038,47341,17292
0826601039,40769,16133
0826601040,98221,31030
0826701001,43762,16113
0826701002,39257,14594
0826701003,43066,14536
0826701004,42895,16105
0826701005,46158,15425
0826801001,33517,15142
0826901001,48911,18773
0826901002,40394,14943
0827001001,36091,16902
0827001002,36975,16425
0827001003,63994,26956
0827001004,47825,20638
0827001005,64059,22736
0827001006,60370,21681
0827002001,37371,17112
0827002002,54306,19857
0827002003,38585,18058
0827002004,33701,14967
0827002005,31997,13419
0827002006,41513,17340
0827002007,49553,22549
0827002009,62006,24972
0827002010,62564,20773
0827002011,43985,15651
0827101001,.,.
0827201001,39399,14343
0827301001,40373,15649
0827301002,41483,15334
0827301003,42667,15416
0827401001,37354,15211
0827401002,32177,13282
0827401004,42755,16547
0827401005,40645,16656
0827501001,56286,20150
0827601001,42678,16004
0827701001,34433,16441
0827801001,44647,16160
0827801002,42551,16029
0827801003,55403,21062
0827801004,45184,17020
0827901001,56008,24878
0827901002,53507,20931
0827901004,49765,19585
0827901005,55102,20446
0827901006,50955,20622
0827901007,48884,20742
0827901008,58406,21801
0827901009,54485,20633
0827901010,52891,19977
0827901011,37501,14563
0827901012,36452,15936
0827901013,32089,12551
0827901014,36824,13824
0827901015,40471,15197
0827901016,41690,17308
0827901017,47058,18204
0827901018,53335,19126
0827901019,35212,14889
0827901020,48549,20546
0827901021,40064,16279
0827901022,43862,17296
0827901023,49926,19731
0827901024,57262,22115
0827901025,50726,21045
0827902001,30395,10537
0827902003,35365,8180
0827902004,30644,7981
0827902005,28019,9989
0827902006,32001,10711
0827902008,31904,11513
0827902009,30755,10613
0827902011,29601,11380
0827902012,22296,7405
0827902014,34878,13698
0827902015,22123,8067
0827902016,39893,14638
0827902017,27782,11225
0827903001,35136,14011
0827903002,36909,14184
0827903003,31337,12345
0827903004,31051,12688
0827903005,36091,15386
0827903006,44054,16685
0827903007,39363,16211
0827903008,31873,12615
0827903014,31146,11072
0827903015,32102,12693
0827903016,26378,9271
0827903017,28573,10563
0827903018,32290,12070
0827903019,28914,10227
0827903020,31270,12515
0827904001,47856,19060
0827904002,43252,17555
0827904003,39911,16229
0827904004,36986,15153
0827904005,34523,14021
0827904006,33610,12902
0827904007,32848,13119
0827904008,33044,13410
0827904009,29743,11638
0827904010,41486,9339
0827904012,35865,14521
0827904013,40723,17049
0827904014,47825,18446
0827904015,49113,19477
0827904016,45040,18186
0827904017,45634,18632
0827904018,36143,14650
0827904019,35834,13729
0827904020,27926,9696
0827904021,33070,11254
0827904022,41200,14284
0827904023,39204,14215
0827904024,44715,14954
0827904025,36857,14139
0827904026,44402,17930
0827905001,46090,16533
0827905002,33399,13395
0827905003,37478,14944
0827905004,41053,16225
0827905005,36612,15857
0827905006,40870,16830
0827905007,46815,17786
0827905008,41299,16657
0827905009,39313,16209
0827905010,27464,11272
0827905011,38546,15368
0827905012,36215,13586
0827905013,35965,13868
0827905014,36496,12977
0827905015,32635,13027
0827905016,34078,13872
0827905017,43280,16544
0827905018,31045,13922
0827905019,46290,16565
0827905020,40104,15716
0827905021,38271,15647
0827905022,39480,14487
0827905023,46719,18404
0827905024,45853,17783
0827905025,40543,16055
0827905026,42491,17824
0827905027,42505,17536
0827905028,42110,15893
0827905029,46806,16021
0827905030,34745,12892
0827905031,65549,13660
0827905032,35810,14625
0827906001,35045,12960
0827906002,33226,12240
0827906003,31089,11751
0827906004,29944,10162
0827906005,31899,12631
0827906006,36571,14128
0827906008,34386,14556
0827906009,34156,12751
0827906010,36481,14005
0827906011,29883,11422
0827906012,30395,11981
0827906013,32242,12263
0827906014,30839,10713
0827906016,32135,11950
0827906018,27015,10550
0827906020,24616,9411
0827906023,35779,12849
0827906024,35576,12700
0827906025,34279,11887
0827906026,33156,12228
0827906027,29715,11827
0827906028,36530,14310
0827906029,37317,13530
0827906030,36329,13435
0827906031,30591,11684
0827906032,40477,15022
0827906033,49226,15822
0827907001,46899,16672
0827907002,32033,12119
0827907003,29025,9892
0827907004,45353,15538
0827907005,47819,17138
0828001001,37859,17427
0828101001,53877,20185
0828101002,59369,21309
0828101003,71153,23834
0828201001,54940,20080
0828201002,62555,22328
0828201003,55931,19388
0828201004,66352,23550
0828201005,73749,24411
0828301001,37603,14707
0828301002,54411,19996
0828301003,42625,15713
0828301004,42496,14586
0828401001,31955,12685
0828401002,30589,11872
0828401003,32682,12843
0828401004,33984,13057
0828402001,31877,12324
0828402002,33214,12264
0828402003,35514,13685
0828501001,37677,14701
0828501002,41631,15975
0828501004,39408,14782
0828502001,43139,16091
0828502002,39346,15419
0828503001,39676,14784
0828503002,33578,13869
0828503003,38802,15560
0828601001,40114,14727
0828601002,30255,12243
0828701001,42079,16006
0828801001,29936,11678
0828901001,44429,16665
0828901002,50224,17463
0828901003,54207,18163
0828901004,43076,16788
0829001001,48808,16600
0829101001,44534,16920
0829101002,45420,16185
0829101003,41004,14609
0829101004,40701,14021
0829201001,38530,14688
0829301001,37810,18077
0829401001,41570,15719
0829401002,42041,15399
0829501001,36381,14098
0829501002,36523,13737
0829501003,51337,18068
0829501004,50378,17556
0829501005,43397,14544
0829501006,47235,15502
0829501007,51958,17169
0829501008,46951,16296
0829501009,36108,12893
0829501010,49026,15915
0829601001,57685,19741
0829701001,40848,13461
0829801001,38358,14976
0829802001,36865,14067
0829802002,53420,18158
0829802003,43552,17033
0829802004,35165,13106
0829802005,40686,16058
0829802006,38187,14291
0829803001,50882,21458
0829803003,37126,12503
0829803004,40540,13488
0829803005,32936,10089
0829803006,36085,11076
0829803007,47927,18486
0829803008,35301,10912
0829803009,40252,15248
0829803010,..,..
0829803011,34358,10448
0829803012,48532,19293
0829803013,44065,17616
0829804001,37617,14583
0829804002,36823,12231
0829804003,42458,15608
0829804004,37616,13187
0829805001,58302,19929
0829901001,34445,15220
0830001001,53902,18910
0830001002,42604,15231
0830001003,51486,17619
0830001004,66359,20039
0830001006,55516,18376
0830101001,34844,12892
0830101002,40049,14411
0830101003,39975,15076
0830101004,38695,15155
0830101005,45230,17128
0830101006,37742,14900
0830101007,36633,13341
0830101008,36422,14145
0830101009,40382,14899
0830101010,32185,12767
0830101011,43765,17056
0830101012,49250,17946
0830101013,49114,17381
0830101014,41073,14566
0830101015,36095,13615
0830101016,54350,18952
0830102001,31305,11898
0830102002,35821,12104
0830102003,50513,18143
0830102004,35414,12794
0830102005,46598,16962
0830102006,32148,12394
0830102007,30472,12538
0830102008,41123,15276
0830102009,31509,11843
0830102010,33684,13296
0830102011,38958,13979
0830102012,33297,13338
0830102013,40130,14477
0830102014,35407,13048
0830102015,35256,13157
0830102016,44740,15834
0830102017,40119,14546
0830102018,28127,10503
0830102019,29380,11918
0830102020,44921,16270
0830102021,35102,13063
0830102022,39421,15073
0830102023,57284,18756
0830102024,42980,15256
0830102025,40208,14546
0830102026,50929,16651
0830102027,45962,16014
0830102028,50302,16945
0830102029,53748,18107
0830201001,31916,12547
0830201002,32832,12530
0830201003,34563,12581
0830201004,32994,12785
0830201005,34662,12540
0830201006,35624,12914
0830201007,32935,13352
0830301001,37460,16609
0830401001,47432,16159
0830501001,33715,13353
0830501002,33223,12893
0830501003,29031,13706
0830502001,31132,11136
0830502002,35927,14543
0830502003,31233,11654
0830502004,30555,11906
0830502005,35355,14785
0830502006,30542,11736
0830503001,34661,13479
0830503002,34552,14429
0830503003,37778,14961
0830503004,54306,18656
0830504001,43035,17128
0830504002,39330,15998
0830504003,37047,14313
0830504004,40444,16647
0830504005,40678,16147
0830504006,37188,16005
0830504007,52658,19619
0830504008,39591,14657
0830504009,41787,15664
0830601001,35965,13432
0830701001,37835,15942
0830701002,42450,17697
0830701003,37868,16459
0830701004,41328,17196
0830701005,40331,17516
0830701006,36068,15245
0830701007,35769,14455
0830701008,39210,15637
0830701009,56218,20840
0830701010,41285,17304
0830701011,35572,14532
0830702001,44046,19580
0830702002,38964,16097
0830702003,41269,17049
0830702004,35455,15108
0830702006,37259,15591
0830702007,34864,14362
0830702008,47625,21805
0830703001,35526,15568
0830703002,40465,16793
0830703003,34856,14877
0830703004,34770,13583
0830703005,28074,10864
0830704001,43160,17738
0830704002,34143,14988
0830704003,37055,15215
0830704004,32984,13540
0830704005,39508,15733
0830704006,33675,13785
0830704007,45499,15434
0830704008,26931,10440
0830704009,39527,15426
0830704010,38973,15309
0830704011,31583,13121
0830704012,45414,16309
0830704013,52230,17939
0830704014,52340,17317
0830704015,43539,16349
0830704016,39975,15242
0830704017,42325,14726
0830801001,52590,16415
0890101001,39166,17029
0890201001,50169,17423
0890201002,52635,18377
0890201003,51980,16731
0890301001,38998,19903
0890401001,32651,13029
0890401002,28694,10525
0890401003,29962,11573
0890401004,28125,11115
0890401005,29903,11264
0890401006,32024,12732
0890401007,28804,11955
0890401008,29484,11365
0890401009,30298,11939
0890401010,32097,13550
0890401011,31789,12851
0890401012,32681,13090
0890501001,51639,19348
0890501002,42392,16444
