census_section,household_avg_m2
0801901001,76.7
0801901002,67.9
0801901003,59.1
0801901004,65.0
0801901005,77.8
0801901006,77.7
0801901007,69.4
0801901008,54.1
0801901009,58.1
0801901010,55.2
0801901011,52.9
0801901012,56.4
0801901013,68.4
0801901014,61.9
0801901015,60.6
0801901016,59.9
0801901017,55.1
0801901018,70.2
0801901019,64.5
0801901020,89.7
0801901021,78.0
0801901022,104.1
0801901023,83.0
0801901025,84.3
0801901026,79.5
0801901027,95.7
0801901028,85.1
0801901029,90.3
0801901030,93.6
0801901031,81.8
0801901032,46.4
0801901033,42.0
0801901034,37.2
0801901035,38.1
0801901036,60.3
0801901037,53.8
0801901038,36.2
0801901039,52.2
0801901040,47.5
0801901041,36.1
0801901042,67.3
0801901043,81.9
0801901044,82.5
0801901045,70.1
0801901046,68.8
0801901047,62.5
0801901048,62.4
0801901049,81.5
0801901050,70.3
0801901051,58.6
0801901052,106.5
0801901053,57.2
0801901054,57.4
0801901055,84.8
0801902001,80.4
0801902002,77.7
0801902003,77.0
0801902004,81.5
0801902005,89.1
0801902006,91.5
0801902007,87.2
0801902008,89.3
0801902009,83.1
0801902010,92.0
0801902011,80.0
0801902012,74.8
0801902013,67.2
0801902014,73.3
0801902015,76.8
0801902016,82.8
0801902017,85.8
0801902018,89.3
0801902019,82.1
0801902020,71.6
0801902021,70.3
0801902022,76.8
0801902023,74.5
0801902024,70.8
0801902025,67.9
0801902026,75.0
0801902027,83.1
0801902028,71.9
0801902029,80.6
0801902030,74.5
0801902031,83.2
0801902032,77.5
0801902033,66.0
0801902034,65.4
0801902035,77.5
0801902036,82.0
0801902037,79.9
0801902038,73.3
0801902039,74.3
0801902040,65.0
0801902041,73.5
0801902042,84.8
0801902043,83.9
0801902044,75.4
0801902045,82.2
0801902046,77.6
0801902047,80.1
0801902048,76.6
0801902049,68.1
0801902050,68.8
0801902051,76.9
0801902052,72.4
0801902053,71.7
0801902054,78.4
0801902055,86.2
0801902056,97.2
0801902057,108.0
0801902058,85.9
0801902059,115.7
0801902060,100.5
0801902061,79.4
0801902062,114.7
0801902063,153.0
0801902064,115.4
0801902065,98.1
0801902066,88.4
0801902067,74.0
0801902068,89.8
0801902069,100.5
0801902070,111.1
0801902071,116.4
0801902072,128.0
0801902073,123.6
0801902074,129.5
0801902075,118.7
0801902076,134.7
0801902077,120.1
0801902078,125.2
0801902079,133.4
0801902080,143.2
0801902081,124.3
0801902082,127.8
0801902083,121.9
0801902084,101.0
0801902085,112.9
0801902086,118.5
0801902087,89.1
0801902088,96.8
0801902089,103.4
0801902090,92.5
0801902091,102.9
0801902092,94.7
0801902093,93.8
0801902094,98.9
0801902095,86.9
0801902096,82.2
0801902097,74.1
0801902098,91.0
0801902099,101.5
0801902100,80.3
0801902101,81.0
0801902102,90.8
0801902103,70.6
0801902104,90.9
0801902105,85.4
0801902106,102.2
0801902107,104.1
0801902108,102.9
0801902109,99.8
0801902110,79.3
0801902111,77.9
0801902112,100.8
0801902113,92.0
0801902114,81.6
0801902115,73.4
0801902116,93.9
0801902117,84.9
0801902118,89.2
0801902119,83.1
0801902120,75.1
0801902121,79.7
0801902122,83.3
0801902123,69.2
0801902124,80.4
0801902125,81.7
0801902126,88.2
0801902127,70.7
0801902128,68.7
0801902129,79.1
0801902130,121.5
0801902131,77.4
0801902132,76.3
0801902133,93.6
0801902134,71.4
0801902135,69.8
0801902136,79.1
0801902137,76.0
0801902138,87.7
0801902139,71.0
0801902140,81.4
0801902141,81.1
0801902142,75.8
0801902143,86.2
0801902144,104.9
0801902145,95.4
0801902146,91.2
0801902147,76.1
0801902148,75.1
0801902149,85.7
0801902150,81.0
0801902151,83.7
0801902152,86.2
0801902153,77.0
0801902154,71.7
0801902155,78.7
0801902156,79.7
0801902157,76.7
0801902158,80.7
0801902159,88.4
0801902160,84.4
0801902161,77.5
0801902162,71.8
0801902163,94.2
0801902164,96.4
0801902165,83.4
0801902166,78.5
0801902167,78.8
0801902168,73.4
0801902169,76.5
0801902170,76.6
0801902171,77.7
0801902172,69.2
0801902173,75.0
0801903001,71.7
0801903002,56.9
0801903003,57.9
0801903004,65.8
0801903005,65.0
0801903006,63.4
0801903007,60.2
0801903008,58.1
0801903009,69.3
0801903010,71.8
0801903011,54.4
0801903012,66.0
0801903013,57.3
0801903014,58.5
0801903015,66.0
0801903016,70.1
0801903017,54.8
0801903018,63.6
0801903019,64.0
0801903020,79.2
0801903021,74.1
0801903022,63.9
0801903023,60.3
0801903024,58.0
0801903025,89.6
0801903026,73.4
0801903027,65.1
0801903028,79.6
0801903029,77.3
0801903030,71.4
0801903031,77.2
0801903032,70.6
0801903033,61.5
0801903034,76.0
0801903035,82.7
0801903036,64.7
0801903037,63.7
0801903038,75.8
0801903039,66.6
0801903211,82.4
0801903212,73.7
0801903213,62.8
0801903040,78.4
0801903041,79.6
0801903042,65.0
0801903043,71.9
0801903044,72.2
0801903045,65.6
0801903046,82.4
0801903047,68.7
0801903048,72.1
0801903049,64.0
0801903050,66.9
0801903051,65.7
0801903052,67.2
0801903053,68.8
0801903054,80.4
0801903055,68.2
0801903056,67.2
0801903057,68.8
0801903058,81.0
0801903059,67.6
0801903060,71.5
0801903061,66.8
0801903062,64.4
0801903063,73.3
0801903064,71.2
0801903065,69.7
0801903066,76.1
0801903067,83.1
0801903068,64.7
0801903069,73.1
0801903070,66.4
0801903071,61.5
0801903072,59.6
0801903073,68.3
0801903074,69.8
0801903075,71.6
0801903076,69.7
0801903077,66.9
0801903078,67.5
0801903079,63.2
0801903080,69.0
0801903081,74.8
0801903082,73.1
0801903083,71.4
0801903084,79.0
0801903085,66.4
0801903086,86.2
0801903087,86.5
0801903088,69.1
0801903089,75.1
0801903090,82.2
0801903091,69.2
0801903092,67.2
0801903093,69.9
0801903094,67.3
0801903095,64.4
0801903096,67.4
0801903097,55.9
0801903098,63.9
0801903099,62.9
0801903100,65.1
0801903101,67.7
0801903102,63.7
0801903103,69.7
0801903104,70.0
0801903105,68.1
0801903106,66.5
0801903107,67.6
0801903108,67.9
0801903109,66.2
0801903110,63.4
0801903111,65.8
0801903112,79.5
0801903113,103.0
0801903114,85.1
0801904001,76.2
0801904002,82.3
0801904003,81.0
0801904004,72.8
0801904005,74.7
0801904006,67.0
0801904007,63.8
0801904008,64.5
0801904009,64.7
0801904010,85.3
0801904011,87.1
0801904012,81.4
0801904013,86.3
0801904014,79.4
0801904015,77.4
0801904016,86.5
0801904017,79.9
0801904018,109.4
0801904019,133.6
0801904020,98.8
0801904021,93.1
0801904022,74.4
0801904023,149.6
0801904024,133.3
0801904025,75.6
0801904026,81.7
0801904027,77.3
0801904028,80.2
0801904029,92.3
0801904030,92.8
0801904031,72.1
0801904032,72.4
0801904033,72.7
0801904034,102.1
0801904035,85.5
0801904036,82.8
0801904037,82.9
0801904038,78.7
0801904039,74.1
0801904040,67.5
0801904041,64.8
0801904042,69.0
0801904043,93.5
0801904044,67.8
0801904045,73.1
0801904046,99.7
0801904047,94.2
0801904048,82.5
0801904049,115.8
0801904084,103.4
0801904050,132.1
0801904051,100.6
0801904052,137.4
0801904053,108.5
0801904054,125.5
0801904055,170.9
0801904056,140.5
0801905001,60.8
0801905002,97.8
0801905003,92.2
0801905004,111.2
0801905005,77.7
0801905006,146.6
0801905007,93.7
0801905008,98.2
0801905009,89.1
0801905010,82.9
0801905011,80.0
0801905012,73.1
0801905013,78.7
0801905014,82.6
0801905015,93.5
0801905016,89.3
0801905017,121.5
0801905018,95.1
0801905019,132.8
0801905020,95.2
0801905021,124.9
0801905022,113.9
0801905023,86.5
0801905024,138.7
0801905025,154.1
0801905026,150.9
0801905027,162.3
0801905028,139.2
0801905029,164.2
0801905030,163.3
0801905031,146.9
0801905032,118.8
0801905033,116.5
0801905034,106.4
0801905035,153.7
0801905036,141.4
0801905037,106.2
0801905038,85.4
0801905039,123.8
0801905040,86.9
0801905041,88.9
0801905042,91.3
0801905043,83.5
0801905044,95.1
0801905045,131.6
0801905046,160.7
0801905047,131.7
0801905048,121.6
0801905049,151.2
0801905050,100.2
0801905051,147.6
0801905052,158.0
0801905053,180.9
0801905054,234.3
0801905055,208.3
0801905056,132.4
0801905057,134.4
0801905058,165.1
0801905059,130.4
0801905060,169.8
0801905061,83.0
0801905062,105.3
0801905063,107.7
0801905064,93.6
0801905065,116.5
0801905066,131.0
0801905067,136.1
0801905068,113.2
0801905069,105.0
0801905070,109.1
0801905071,94.0
0801905072,98.5
0801905073,91.6
0801905074,107.0
0801905075,102.1
0801905076,105.4
0801905077,127.3
0801905078,119.2
0801905079,103.2
0801905080,84.9
0801905081,91.8
0801905082,82.4
0801905083,89.5
0801905084,81.8
0801905085,81.3
0801905086,77.0
0801905087,97.3
0801905088,89.1
0801905089,91.6
0801905090,72.3
0801905091,80.4
0801905092,107.6
0801905093,95.8
0801905094,110.6
0801905095,86.1
0801905096,81.1
0801905097,94.2
0801905098,73.0
0801906001,82.9
0801906002,71.6
0801906003,67.6
0801906004,71.6
0801906006,83.8
0801906007,79.5
0801906008,80.4
0801906009,75.7
0801906010,73.4
0801906011,87.4
0801906012,82.7
0801906013,71.3
0801906014,73.6
0801906015,64.7
0801906016,63.5
0801906017,64.5
0801906018,66.1
0801906019,74.0
0801906020,74.6
0801906021,87.9
0801906022,61.9
0801906023,86.3
0801906024,83.1
0801906025,86.3
0801906026,80.7
0801906027,87.2
0801906028,66.9
0801906029,67.9
0801906030,65.6
0801906031,62.4
0801906032,64.9
0801906033,65.8
0801906034,67.1
0801906035,78.9
0801906036,80.2
0801906037,93.7
0801906038,73.6
0801906039,67.4
0801906040,89.8
0801906041,89.8
0801906042,84.7
0801906043,83.4
0801906044,103.1
0801906045,89.4
0801906046,70.0
0801906047,60.0
0801906048,69.5
0801906049,72.2
0801906050,67.2
0801906051,71.3
0801906052,70.3
0801906053,68.3
0801906054,65.3
0801906055,69.2
0801906056,58.9
0801906057,62.9
0801906058,63.7
0801906059,63.0
0801906060,67.1
0801906061,68.4
0801906062,65.3
0801906063,67.8
0801906064,82.6
0801906065,81.9
0801906066,65.4
0801906067,66.5
0801906068,85.8
0801906069,80.8
0801906070,68.6
0801906071,82.8
0801906072,83.2
0801906073,71.0
0801906074,83.0
0801906075,86.0
0801906076,80.1
0801906077,67.6
0801906078,61.8
0801906079,69.8
0801906080,74.4
0801906081,74.2
0801906082,78.8
0801906083,76.3
0801906084,71.3
0801906085,75.6
0801906086,83.5
0801906087,74.7
0801906088,74.0
0801907001,77.9
0801907002,62.2
0801907003,74.4
0801907004,67.0
0801907005,67.1
0801907006,79.7
0801907007,73.5
0801907008,83.3
0801907009,68.0
0801907010,77.8
0801907011,61.2
0801907012,63.7
0801907013,81.5
0801907014,64.1
0801907015,72.1
0801907016,84.5
0801907017,77.5
0801907018,77.5
0801907019,75.8
0801907020,68.5
0801907021,80.7
0801907022,76.4
0801907023,58.9
0801907024,60.6
0801907025,60.9
0801907026,64.1
0801907027,75.8
0801907028,59.3
0801907029,66.6
0801907030,60.7
0801907031,66.5
0801907032,71.0
0801907033,71.5
0801907034,75.8
0801907035,80.2
0801907036,71.8
0801907037,69.9
0801907038,73.2
0801907039,74.2
0801907040,62.8
0801907041,66.3
0801907042,69.4
0801907043,73.0
0801907044,75.3
0801907045,66.1
0801907046,65.4
0801907047,70.8
0801907048,71.3
0801907049,69.3
0801907050,63.3
0801907051,68.9
0801907052,76.7
0801907053,74.1
0801907054,76.8
0801907055,85.9
0801907056,61.0
0801907057,66.5
0801907058,60.9
0801907059,54.8
0801907060,55.8
0801907061,67.2
0801907062,66.4
0801907063,55.9
0801907064,61.5
0801907065,53.6
0801907066,60.7
0801907067,62.8
0801907068,57.6
0801907069,56.9
0801907070,66.2
0801907071,66.3
0801907072,66.2
0801907073,59.1
0801907074,61.3
0801907075,63.5
0801907076,60.8
0801907077,59.0
0801907078,62.0
0801907079,57.5
0801907080,63.7
0801907081,65.0
0801907082,62.7
0801907083,60.9
0801907084,60.7
0801907085,65.0
0801907086,60.9
0801907087,65.4
0801907088,64.9
0801907089,74.1
0801907090,68.9
0801907091,65.8
0801907092,68.4
0801907093,75.0
0801907094,56.0
0801907095,65.5
0801907096,63.7
0801907097,58.7
0801907098,88.9
0801907099,60.5
0801907100,60.5
0801907101,60.1
0801907102,71.2
0801907103,63.4
0801907104,59.1
0801907105,70.2
0801907106,74.0
0801907107,70.0
0801907108,70.1
0801907109,60.8
0801907110,69.9
0801907111,77.6
0801907112,71.2
0801907113,63.9
0801907114,60.5
0801907115,69.1
0801907116,65.2
0801907117,65.5
0801907118,68.8
0801907119,66.3
0801907120,61.2
0801907121,71.3
0801907122,69.5
0801907123,68.9
0801908001,70.0
0801908002,69.1
0801908003,64.7
0801908004,67.7
0801908005,65.3
0801908006,70.3
0801908007,71.5
0801908008,73.3
0801908009,75.4
0801908010,69.6
0801908011,79.5
0801908012,70.2
0801908013,75.2
0801908014,68.5
0801908015,57.3
0801908016,73.2
0801908017,66.9
0801908018,69.6
0801908019,63.2
0801908020,68.0
0801908021,69.3
0801908022,73.1
0801908023,66.3
0801908024,69.6
0801908025,61.3
0801908026,66.6
0801908027,72.2
0801908028,68.9
0801908029,76.5
0801908030,66.5
0801908031,56.7
0801908032,69.4
0801908033,62.0
0801908034,61.6
0801908035,61.2
0801908036,54.3
0801908037,61.8
0801908038,68.6
0801908039,64.0
0801908040,68.8
0801908041,56.0
0801908042,81.4
0801908043,74.0
0801908044,59.9
0801908045,62.2
0801908046,58.8
0801908047,59.9
0801908048,47.5
0801908049,58.3
0801908050,81.1
0801908051,75.6
0801908052,67.4
0801908053,88.5
0801908054,68.3
0801908055,87.4
0801908056,69.6
0801908057,79.4
0801908058,65.1
0801908059,68.0
0801908215,76.5
0801908060,86.4
0801908061,74.8
0801908062,80.7
0801908063,97.1
0801908064,77.1
0801908065,55.9
0801908066,56.9
0801908067,68.7
0801908068,62.5
0801908069,62.8
0801908070,59.2
0801908071,61.9
0801908072,65.7
0801908073,45.4
0801908074,56.2
0801908075,56.9
0801908076,59.6
0801908077,75.5
0801908078,51.3
0801908079,56.3
0801908080,58.8
0801908081,62.0
0801908082,59.8
0801908083,57.5
0801908084,64.3
0801908085,60.0
0801908086,58.4
0801908087,58.5
0801908088,60.7
0801908089,62.0
0801908090,64.6
0801908091,63.5
0801908092,63.5
0801908093,58.1
0801908094,65.6
0801908095,73.0
0801908096,66.0
0801908097,65.3
0801908098,61.2
0801908099,58.5
0801908100,60.4
0801908101,63.0
0801908102,53.8
0801908103,44.8
0801908104,56.3
0801908105,62.3
0801908106,68.7
0801908107,73.9
0801908108,64.2
0801908109,61.8
0801908110,57.3
0801908111,57.3
0801908112,62.1
0801908113,59.2
0801908114,58.3
0801908115,60.7
0801908116,62.1
0801909001,56.8
0801909002,61.5
0801909003,60.6
0801909004,59.5
0801909005,67.5
0801909006,78.4
0801909007,66.9
0801909008,81.5
0801909009,68.1
0801909010,76.5
0801909011,70.3
0801909013,66.1
0801909014,58.0
0801909015,61.5
0801909016,71.8
0801909017,69.8
0801909018,74.0
0801909019,80.4
0801909020,74.7
0801909021,69.7
0801909022,65.1
0801909023,62.1
0801909024,83.0
0801909025,70.5
0801909026,75.7
0801909027,77.3
0801909028,94.4
0801909029,65.7
0801909030,76.7
0801909031,88.0
0801909032,78.3
0801909033,68.8
0801909034,65.4
0801909035,65.1
0801909036,73.6
0801909037,60.6
0801909038,77.3
0801909039,64.4
0801909040,64.5
0801909041,64.3
0801909042,67.3
0801909043,56.1
0801909044,58.9
0801909045,64.6
0801909046,68.9
0801909047,61.6
0801909048,69.1
0801909049,78.9
0801909050,66.3
0801909051,66.9
0801909052,74.3
0801909053,68.2
0801909054,77.4
0801909055,84.4
0801909056,82.4
0801909057,75.9
0801909058,66.6
0801909059,67.3
0801909060,68.9
0801909061,80.1
0801909062,69.9
0801909063,72.4
0801909064,85.8
0801909065,74.8
0801909066,77.3
0801909067,68.6
0801909068,75.1
0801909069,79.5
0801909070,54.1
0801909071,70.4
0801909072,56.8
0801909073,79.7
0801909156,79.1
0801909074,74.9
0801909075,79.7
0801909076,71.7
0801909077,68.3
0801909078,70.1
0801909079,70.8
0801909080,73.6
0801909081,66.3
0801909082,69.1
0801909083,69.7
0801909084,75.4
0801909085,74.1
0801909086,71.9
0801909087,84.7
0801909088,65.4
0801909089,72.8
0801909090,73.3
0801909091,80.0
0801909092,78.3
0801909093,74.4
0801909094,77.2
0801909095,77.1
0801910001,67.0
0801910002,68.5
0801910003,65.5
0801910004,70.3
0801910005,74.5
0801910006,72.7
0801910007,87.6
0801910008,66.2
0801910009,67.7
0801910010,65.7
0801910011,69.4
0801910012,74.8
0801910013,69.1
0801910014,74.8
0801910015,73.5
0801910016,73.6
0801910017,77.1
0801910018,66.7
0801910019,76.5
0801910020,65.8
0801910021,68.0
0801910022,66.1
0801910023,66.7
0801910024,64.3
0801910025,72.1
0801910026,72.9
0801910027,69.0
0801910028,70.5
0801910029,70.7
0801910030,78.4
0801910031,62.5
0801910032,69.1
0801910033,84.7
0801910034,80.5
0801910035,84.4
0801910036,73.8
0801910037,73.9
0801910038,71.6
0801910039,75.6
0801910040,72.0
0801910041,74.3
0801910234,75.4
0801910042,74.6
0801910043,77.2
0801910044,75.7
0801910045,80.6
0801910046,74.8
0801910047,79.9
0801910048,75.8
0801910049,77.2
0801910050,80.8
0801910051,82.1
0801910052,68.5
0801910053,87.2
0801910054,109.4
0801910055,115.4
0801910056,64.8
0801910057,68.1
0801910058,66.5
0801910059,70.8
0801910060,65.3
0801910061,82.0
0801910062,83.7
0801910063,79.7
0801910064,75.3
0801910065,72.9
0801910066,78.5
0801910067,88.7
0801910068,87.0
0801910069,74.2
0801910070,63.5
0801910071,80.5
0801910072,67.2
0801910073,69.2
0801910074,69.3
0801910075,69.2
0801910076,97.4
0801910077,75.0
0801910078,85.8
0801910079,85.3
0801910080,109.6
0801910235,66.0
0801910236,70.8
0801910081,75.0
0801910082,53.9
0801910083,55.9
0801910084,60.7
0801910085,54.6
0801910086,53.0
0801910087,64.2
0801910088,81.9
0801910089,57.5
0801910090,69.5
0801910091,70.3
0801910092,87.5
0801910093,80.2
0801910094,71.4
0801910095,66.4
0801910096,80.7
0801910097,77.1
0801910098,88.9
0801910099,80.1
0801910100,72.4
0801910101,75.6
0801910102,68.2
0801910103,77.8
0801910104,87.2
0801910237,61.7
0801910105,73.4
0801910106,74.5
0801910107,83.4
0801910108,76.2
0801910109,67.6
0801910110,72.1
0801910111,76.7
0801910112,90.5
0801910113,71.9
0801910114,69.2
0801910115,74.4
0801910116,64.0
0801910117,72.7
0801910118,94.9
0801910119,62.8
0801910120,77.4
0801910121,69.3
0801910122,94.1
0801910123,72.9
0801910124,83.1
0801910125,70.3
0801910126,88.2
0801910127,73.8
0801910128,76.6
0801910129,87.5
0801910130,77.3
0801910131,87.7
0801910132,76.9
0801910133,70.3
0801910134,61.7
0801910135,72.3
0801910136,80.7
0801910137,72.0
0801910138,63.4
0801910139,59.9
0801910140,75.5
0801910141,75.5
0801910142,70.9
0801910143,66.3
